fighter_name,trains_at
Aaron Phillips,Headkicks MMA
Aaron Pico,Jackson Wink MMA Academy - NM
Abdul Rakhman Yakhyaev,MMA Nuemberg
Abdul Razak Alhassan,Team Elevation
Abel Trujillo,"Blackzilians - Boca Raton, FL"
Abner Lloveras,SKULLMAN / Gracie Barcelona - Spain
Adam Fugitt,Fight Ready
Adam Hunter,"Ottawa Academy of Martial Arts. Ottawa, ON"
Adam Milstead,"Mark Chericos Martial Arts, Pittsburgh PA"
Adrián Luna Martinetti,UFC Performance Institue Mexico City
Adrian Yanez,Metro Fight Club
Adriano Martins,"American Top Team ATT Coconut Creek, FL"
Aiemann Zahabi,Tristar Gym - Montreal
Ailin Perez,Goat Shed Academy
Aisling Daly,SBG Ireland
AJ Cunningham,Factory X
Akbarh Arreola,"Entram Gym - Tijuana, Baja CA"
Al Iaquinta,"Serra-Longo - Long Island, NY"
Alan Baudot,"MMA Factory - Paris, France"
Alan Jouban,Black House MMA
Alan Patrick,XGYM - Rio de Janeiro
Alatengheili,"Fight Ready - Scottsdale, AZ"
Albert Tumenov,K Dojo Warrior Tribe
Alberto Mina,Epic MMA Club - Hong Kong
Alberto Montes,Goat Shed
Alden Coria,"4oz Fight Club, Aztlan Boxing"
Alejandro Pérez,AKA (American Kickboxing Academy) San Jose
Aleksa Camur,Strong Style Cleveland
Aleksandar Rakić,American Top Team Zagreb
Aleksei Oleinik,School of MMA of Alexey Oleynik
Alen Amedovski,Team Amedovski
Alessandro Ricci,Mi Thai Boxing System; Parabellum MMA
Alessio Di Chirico,"Hung Mun, Rome, Italy"
Alex Caceres,"MMA LAB - Glendale, AZ"
Alex Chambers,"VT1 Gym- Sydney, Australia"
Alex Garcia,Tristar Gym - Montreal
Alex Morono,Gracie Barra The Woodlands
Alex Nicholson,"American Top Team - Orlando, FL"
Alex Oliveira,TATA Fight Team - Rio de Janeiro
Alex Pereira,"Teixeira MMA & Fitness-Bethel, CT"
Alex Perez,Team Oyama
Alex White,Destruction MMA- Park Hills
Alexa Grasso,Lobo Gym MMA
Alexander Gustafsson,Allstars Training Center
Alexander Munoz,Team Alpha Male
Alexander Volkanovski,Freestyle Fighting Gym
Alexander Volkov,Global Fight Gym
Alexander Yakovlev,K Dojo Warrior Tribe
Alexandr Romanov,Team Romanov
Alexandre Pantoja,American Top Team
Alexia Thainara,Academia Ribas Family / Team LJ combat
Alexis Davis,Resistance Fight Team
Ali Bagautinov,"Fight Nights Gym - Moscow, RU"
Alice Ardelean,Fusion X-Cel
Alice Pereira,Life MMA / Portugal Top Team
Alistair Overeem,Joel Diaz Boxing
Aljamain Sterling,"Serra-Longo - Long Island, NY"
Allan Nascimento,Chute Boxe
Allen Frye Jr.,Brunsons MMA and Fitness
Alvaro Herrera,Joel Diaz Boxing
Alvin Hines,La Bodega
Amanda Lemos,Marajo Brothers
Amanda Nunes,Team Nunes
Amir Albazi,Atreus MMA
Andre Ewell,Apex MMA
Andre Fialho,Sanford MMA
Andre Fili,Team Alpha Male (Urijah Faber's Ultimate Fitness)
Andre Lima,Chute Boxe
Andre Muniz,TATA Fight Team - Rio de Janeiro
Andre Petroski,Marquez MMA
Andrea Lee,Team Lee
Andreas Gustafsson,Västerås Fight Club
Andrei Arlovski,"American Top Team ATT Coconut Creek, FL"
Andrew Holbrook,"Indy Boxing and Grappling - Indianapolis, IN"
Andrew Sanchez,Tristar Gym - Montreal
Andrey Pulyaev,Storm School
Angela Magana,Alliance MMA - Chula Vista
Anna Elmose,Rumble Sports - Copenhagen
Ante Delija,UFK Gladiator Maro Perak / Aspinall BJJ
Anthony Birchak,Joel Diaz Boxing
Anthony Hamilton,Joel Diaz Boxing
Anthony Hernandez,Team Fluffy
Anthony Johnson,"Blackzilians - Boca Raton, FL"
Anthony Perosh,Sinosic Perosh Martial Arts SPMA Sydney
Anthony Pettis,Roufusport
Anthony Rocco Martin,Sityodtong Boston MA / Perfomrance Compound St. Cloud MN
Anthony Smith,"Mick Doyle's Kickboxing - Omaha, NE"
Anton Zafir,Whitsunday Martial Arts - Airlie Beach
Antonio Arroyo,Jackson Wink MMA Academy - NM
Antonio Braga Neto,OF MMA
Antonio Carlos Junior,"American Top Team ATT Coconut Creek, FL"
Antonio Rogerio Nogueira,Team Nogueira - Rio de Janeiro
Antonio Silva,"American Top Team ATT Coconut Creek, FL"
Antonio Trocoli,Eduardo Full House
Aoriqileng,Team Aoriqileng
Ariane Carnelossi,Inside Muay Thai
Arman Tsarukyan,"Syndicate MMA - Las Vegas, NV"
Arnold Allen,BKK / Tristar
Artem Lobov,SBG Ireland
Artur Minev,The Q
Ashlee Evans-Smith,"Subfighter MMA Laguna Nigel, CA"
Ashley Yoder,Team Quest
Aspen Ladd,MMA Gold
Asu Almabayev,Dar Team
Ateba Gautier,Manchester Top Team
Augusto Montano,Bonebreakers Central
Augusto Sakai,"Gile Ribeiro - Curitiba, Brazil"
Austin Hubbard,Valley Flow Striking
Austin Lingo,Fortis MMA
Austin Vanderford,American Top Team
Azamat Bekoev,American Top Team
Azamat Murzakanov,K Dojo Warrior Tribe
Azat Maksum,Triumph Fights
Baisangur Susurkaev,Kill Cliff FC
Bartosz Fabinski,S4 Wevszewe
Bas Rutten,Elite MMA Gym
Bassil Hafez,Team Hafez
Batgerel Danaa,Jackson Wink MMA Academy - NM
Bea Malecki,Team Malecki
Bec Rawlings,Alliance MMA - Chula Vista
Belal Muhammad,"Roufusport, (Mikwaukee, WI) & Chicago Fight Team (Chicago, IL)"
Ben Johnston,The Fight Centre & City Kickboxing
Ben Nguyen,"Intergated MMA, Brisbane Australia"
Ben Rothwell,"RothwellMMA/LCCT Kenosha, WI"
Benardo Sopaj,Allstarts Gym
Beneil Dariush,"Kings MMA - Huntington Beach, CA"
Benito Lopez,Team Alpha Male
Benoît Saint Denis,Venum Training Camp Paris
Benson Henderson,"MMA LAB - Glendale, AZ"
Bia Mesquita,American Top Team
Billy Elekana,Porrada Training Center/Uprising MMA
Blood Diamond,City Kickboxing
Bo Nickal,American Top Team
Bogdan Guskov,Gor MMA
Bojan Mihajlovic,"Family Fight Team (Novi Sad, SERBIA)"
Bojan Velickovic,"Elevation Fight Team - Denver, CO"
Bolaji Oki,Valon Team
Brad Katona,SBG Ireland
Brad Pickett,"American Top Team ATT Coconut Creek, FL"
Brad Riddell,City Kickboxing
Brad Tavares,"Xtreme Couture - Las Vegas, NV"
Bradley Scott,MMA Lab- USA/Dragonslair-UK
Brady Hiestand,Sik-Jitsu Mixed Martial Arts
Brando Peričić,City Kickboxing
Brandon Jenkins,Syndicate MMA
Brandon Moreno,Team Moreno
Brandon Royval,Mile High Militia
Brandon Thatch,"Elevation Fight Team - Denver, CO"
Brendan Allen,Kill Cliff FC
Brendan O'Reilly,"Gamebred Combat Club, Brisbane"
Brendon Marotte,New England Cartel
Brian Kelleher,Long Island MMA
Brian Ortega,Team Ortega
Bruna Brasil,The Fighting Nerds
Brunno Ferreira,Brazilian TKO
Bruno Korea,"TFT - Rio De Janeiro, Brazil"
Bruno Lopes,China Team
Bruno Silva,Fight Ready
Bruno Silva,Evolucao Thai - Curitiba
Bryan Barberena,"MMA LAB - Glendale, AZ"
Bryan Battle,Carolina Combat Sports and Fitness
Bryan Caraway,"Xtreme Couture - Las Vegas, NV"
Cain Velasquez,AKA (American Kickboxing Academy) San Jose
Caio Borralho,The Fighting Nerds
Caio Magalhaes,Teixeira / Novaumiao
Calvin Kattar,New England MMA
Cam Rowston,City Kickboxing
Cameron Smotherman,Metro Fight Club
Carl Deaton,Syndicate MMA
Carla Esparza,"Team Oyama - Irvine, CA"
Carlos Condit,Joel Diaz Boxing
Carlos Leal,Thai Brasil
Carlos Prates,The Fighting Nerds
Carlos Ulberg,City Kickboxing
Casey O'Neill,Bangtao Muay Thai
Cat Zingano,"Elevation Fight Team - Denver, CO"
Cathal Pendred,SBG
CB Dollaway,"Power MMA and Fintess - Gilbert, AZ"
Cesar Arzamendia,Evolucao Thai - Curitiba
Cezar Ferreira,"Blackzilians - Boca Raton, FL"
Cezary Oleksiejczuk,The Fighting Nerds
Chad Anheliger,Champions Creed MMA
Chad Laprise,Tristar Gym - Montreal
Chad Mendes,Team Alpha Male (Urijah Faber's Ultimate Fitness)
Chan Sung Jung,"Fight Ready - Scottsdale, AZ"
ChangHo Lee,Extreme Combat
Charalampos Grigoriou,"Serra-Longo - Long Island, NY"
Charles Johnson,Fusion X-Cel
Charles Jourdain,Brazilian Top Team
Charles Oliveira,Bronx's Gold Team
Charles Radtke,Valley Flow Striking
Charles Rosa,Sanford MMA
Charlie Campbell,LAW MMA
Charlie Ontiveros,W4R Training Center
Chas Skelly,"Team Takedown- Arlington, TX"
Chase Sherman,Sanford MMA
Chelsea Chandler,Gracie Fighter Stockton
Chepe Mariscal,Syndicate MMA
Cheyanne Vlismas,"Xtreme Couture - Las Vegas, NV"
Chris Beal,Knuckleheadz Boxing & MMA
Chris Camozzi,"Factory X - Englewood, CO"
Chris Curtis,"Xtreme Couture - Las Vegas, NV"
Chris Daukaus,Martinez BJJ
Chris De La Rocha,Progressive Jiu Jitsu MMA Fitness Vancouver
Chris Duncan,American Top Team
Chris Ewert,Ultimate Kombat Gym
Chris Gruetzemacher,"MMA LAB - Glendale, AZ"
Chris Holdsworth,Team Alpha Male (Urijah Faber's Ultimate Fitness)
Chris Padilla,California Mixed Martial Arts
Chris Wade,Long Island MMA
Chris Weidman,LAW MMA
Christian Edwards,Jackson Wink MMA Academy - NM
Christian Rodriguez,"Xtreme Couture - Las Vegas, NV"
Christos Giagos,Sanford MMA
Ciryl Gane,"MMA Factory - Paris, France"
Claudia Gadelha,Nova Uniao - Rio de Janeiro
Claudio Puelles,Kill Cliff FC / Brazilian Warriors
Claudio Silva,American Top Team
Clay Guida,Joel Diaz Boxing
Clint Hester,"X3 Sports- Atlanta, GA"
Cody Brundage,Factory X
Cody Durden,American Top Team
Cody East,Joel Diaz Boxing
Cody Garbrandt,Team Alpha Male (Urijah Faber's Ultimate Fitness)
Cody Gibson,The Pit
Cody Haddon,Luistro Combat Academy
Cody Pfister,Nicks Fight Club Amarillo Texas
Cody Stamann,"Xtreme Couture - Las Vegas, NV"
Colby Covington,"MMA Masters - Miami, FL"
Colby Thicknesse,Freestyle MMA
Cole Miller,"American Top Team ATT Coconut Creek, FL"
Collin Anglin,"Factory X - Englewood, CO"
Conor McGregor,SBG Ireland
Corey Anderson,"Ricardo Almeida Braziliian Jiu Jitsu - Robinsville, NJ"
Cortavious Romious,Pura Vida BJJ & MMA
Cortney Casey,"The Nest / Sanchez BJJ - Maui, HI"
Cory McKenna,Team Alpha Male
Court McGee,Agema Jiu-Jitsu
Cristina Stanciu,Absoluto Fighting Center
Cub Swanson,Joel Diaz Boxing
Curtis Blaydes,Dutch Style MMA/ UFC Gym Lombard IL
Cynthia Calvillo,Syndicate MMA
Cyril Asker,Bushido Academy Avignon
Da Woon Jung,"Korean Top Team - Seoul, South Korea"
Dakota Bush,Glory MMA & Fitness
Dakota Hope,4oz Fight Club
Dalcha Lungiambula,Sanford MMA
Damian Pinas,Nova União
Damian Stasiak,"United Gym, Lodz"
Damir Hadžović,Rumble Sports - Copenhagen
Da'Mon Blackshear,Kill Cliff FC
Damon Jackson,Fortis MMA
Dan Henderson,Dan Henderson's Athletic Fitness Center
Dan Hooker,Saigon Sports Club- Vietnam
Daniel Barez,Entram Gym
Daniel Cormier,AKA (American Kickboxing Academy) San Jose
Daniel Frunza,KO Zone
Daniel Jolly,Austin Kickboxing Academy
Daniel Kelly,Resilience Training Centre- Melbourne
Daniel Marcos,"IHP, American Combat Gym, Los Perros Sarnosos"
Daniel Omielanczuk,Ankos Zapasy Warszwa-Wcawarszawa
Daniel Pineda,4oz Fight Club
Daniel Rodriguez,10th Planet Jiu-Jitsu
Daniel Santos,Chute Boxe
Daniel Spohn,"Ronin Training Center Columbus, OH"
Daniel Zellhuber,Team Zellhuber
Danielle Taylor,Saekson's Muay Thai Van Nuys
Daniil Donchenko,Syndicate MMA and Tiger Muay Thai
Danny Barlow,Law School MMA
Danny Castillo,Team Alpha Male (Urijah Faber's Ultimate Fitness)
Danny Roberts,"Blackzilians - Boca Raton, FL"
Darrell Horcher,Unrivaled Athletics - PA
Darren Elkins,Team Alpha Male (Urijah Faber's Ultimate Fitness)
Darren Stewart,Team Stewart
Darren Till,Astra Fight Team
Darrick Minner,Glory MMA & Fitness
Davey Grant,SBG Manchester
David Dvorak,"London Shootfighters, London, UK"
David Martinez,UFC Performance Institute
David Onama,Factory X
David Teymur,Allstars Training Center
David Zawada,UFD Gym Dusseldorf
Deiveson Figueiredo,Team Figueiredo
Demetrious Johnson,"AMC Pankration, Kirkland, WA"
Demian Maia,Vila da Luta/Demian Maia Jiu-Jitsu (Săo Paulo)
Dennis Bermudez,Long Island MMA
Dennis Buzukja,Syndicate MMA
Dennis Siver,Kiboju Mannheim
Denzel Freeman,Pound 4 Pound
Derek Brunson,Sanford MMA
Deron Winn,American Kickboxing Academy (AKA)
Derrick Lewis,4oz Fight Club
Devin Clark,Next Edge Academy
Dhiego Lima,"American Top Team - Atlanta, GA"
Diana Belbita,House of Champions
Diego Ferreira,"Team Ferreira BJJ- Pharr, TX"
Diego Lopes,Brazilian Warriors / Lobo Gym
Diego Sanchez,Joel Diaz Boxing
Dileno Lopes,Nova Unia - Manaus
Ding Meng,Team Oyama
Dione Barbosa,UFC Performance Institute
Diyar Nurgozhay,Tobet Top Team
Djorden Santos,American Top Team
Dom Mar Fan,Team Compton Training Centre
Dominic Waters,"Nor-Cal Fighting Alliance - Santa Rosa, CA"
Dominick Cruz,Alliance Training Center East -Santee
Dominick Reyes,Cobra Kai Victorville
Dominique Steele,Vision MMA
Donald Cerrone,BMF Ranch
Dong Hyun Kim,"Team MAD Busan, South Korea"
Dong Hyun Ma,"Team MAD Busan, South Korea"
Dongi Yang,"Korean Top Team - Seoul, South Korea"
Don'Tale Mayes,Jackson Wink MMA Academy - NM
Donte Johnson,Gnosis Combat Sports
Dooho Choi,Gumi MMA
Douglas Silva de Andrade,Academia Corinthians - Sao Paulo
Drakkar Klose,The MMA Lab
Drako Rodriguez,Red's Boxing
Drew Dober,"Elevation Fight Team - Denver, CO"
Dricus Du Plessis,CIT MMA
Duško Todorović,The UFC Performance Institute
Dustin Ortiz,Roufusport
Dustin Poirier,"American Top Team ATT Coconut Creek, FL"
Dwight Grant,Alliance MMA
Ed Herman,Team Herman
Eddie Alvarez,Jaco Hybrid Training Center
Eddie Wineland,New Breed - Chicago & Vale Tudo - Duneland
Edmen Shahbazyan,"Xtreme Couture - Las Vegas, NV"
Edson Barboza,Ricardo Almeida / Valor MMA
Eduarda Moura,Fight House
Efrain Escudero,"MMA LAB - Glendale, AZ"
Elias Theodorou,Tapout - Burlington/Headrush - TC
Elijah Smith,Factory X
Elisha Ellison,Combat Sports & Fitness
Elizabeth Phillips,"Sik-Jitsu Spokane, WA"
Elizeu Zaleski dos Santos,Academa CM System
Elves Brener,Chute Boxe
Elvis Mutapcic,"Power MMA and Fintess - Gilbert, AZ"
Emil Meek,Frontline Academy - Oslo
Emily Whitmire,Syndicate MMA
Enrique Barzola,Pitbull Martial Arts Center
Enrique Marin,"Fight Fitness - Montequinto, Sevilla, Spain"
Eric McConico,The MMA Lab
Eric Nolan,Dante Rivera BJJ
Eric Spicely,"Triforce MMA, Pawtucket, RI"
Erick Montano,Izzy Style School Wrestling - IL
Erik Koch,Roufusport
Erik Perez,Alliance MMA - Chula Vista
Eryk Anders,Spartan Fitness MMA
Esteban Ribovics,Kill Cliff FC
Ethyn Ewing,The Den Training Center
Evan Dunham,Zenith BJJ/Dunham Jiu Jitsu
Evan Elder,Syndicate MMA
Fabio Cherant,Sanford MMA
Farès Ziam,Ghost Arena
Farid Basharat,American Top Team
Fatima Kline,MK Muay Thai
Felice Herrig,Team Curran
Felipe Arantes,"Peralta Fitness, Morumbi"
Felipe Olivieri,Upper - Nova Uniao - RJ
Felipe Silva,CM System
Fernando Padilla,Team Oyama
Fernie Garcia,Fortis MMA
Filip Pejic,"Ban Team, Vila Velebita 1G Zagreb"
Francimar Barroso,Nova Uniae - Barro Flamingo
Francis Marshall,American Top Team
Francis Ngannou,"Xtreme Couture - Las Vegas, NV"
Francisco Figueiredo,Team Figueiredo
Francisco Prado,American Top Team
Francisco Rivera,All In MMA
Francisco Trinaldo,Evolucao Thai - Curitiba
Frank Camacho,Team Oyama
Frankie Edgar,"Toms river, New Jersey"
Frankie Saenz,"Fight Ready - Scottsdale, AZ"
Fredy Serrano,Ocatgon MMA - Bagota
Gabe Green,"Subfighter MMA Laguna Nigel, CA"
Gabriel Benitez,AKA (American Kickboxing Academy) San Jose
Gabriel Bonfim,Bonfim Brothers Academy
Gabriella Fernandes,"MMA Masters - Miami, FL"
Gadzhi Omargadzhiev,"MMA Factory - Paris, France"
Gaetano Pirrello,Osman's Gym
Garreth McLellan,"Fight Fit Militia- Sunnighill, Johannesburg"
Garrett Armfield,Marathon MMA
Gaston Bolanos,Combat Sports Academy
Gauge Young,Ignite Jiu Jitsu & MMA
Gavin Tucker,Titans MMA
Geane Herrera,"Banks MMA - Tampa, FL"
Geoff Neal,Fortis MMA
George Sullivan,"Pellegrino MMA - Belmar, NJ"
Gerald Meerschaert,Valle Flow Striking Academy
Germaine de Randamie,Team Germaine- csa Holland
Gian Villante,Bellmore Kickboxing (NY)
Gianni Vazquez,Team Oyama
Gilbert Burns,Jaco Hybrid Training Center
Gilbert Melendez,"El Nino Training Center - San Francisco, CA"
Gillian Robertson,The Goat Shed
Gina Mazany,Glory MMA & Fitness
Glaico Franca,Astra Fight Team
Gleison Tibau,"American Top Team ATT Coconut Creek, FL"
Glover Teixeira,"Teixeira MMA & Fitness-Bethel, CT"
Gokhan Saricam,KKS Sparta Achen
Grant Dawson,American Top Team
Gray Maynard,"Xtreme Couture - Las Vegas, NV"
Gregor Gillespie,Bellmore Kickboxing (NY)
Gregory Rodrigues,Kill Cliff FC
Guido Cannetti,Tuan MMA
Guilherme Pat,Lotus MMA
Gunnar Nelson,"Mjölnir, Reykjavik Iceland"
Guram Kutateladze,Allstarts Gym
Gustavo Lopez,"Xtreme Couture - Las Vegas, NV"
Hacran Dias,Nova Uniao - Rio de Janeiro
Hailey Cowan,"Xtreme Couture - Las Vegas, NV"
Hakeem Dawodu,Champions Creed MMA
Hannah Goldy,Fusion Xcel
Harry Hardwick,Middlesbrough Fight Academy
Hayder Hassan,"American Top Team ATT Coconut Creek, FL"
Heather Jo Clark,"Xtreme Couture - Las Vegas, NV"
Hecher Sosa,AFC VILLALBA / BJJ GANDO
Hector Lombard,"American Top Team ATT Coconut Creek, FL"
Hector Urbina,"Revolution Martial Arts Inman, SC"
Henry Briones,"Entram Gym (Tijuana, Mexico) and Alliance MMA (San Diego, CA)"
Henry Cejudo,"Fight Ready - Scottsdale, AZ"
Herbert Burns,Sanford MMA
Holly Holm,Joel Diaz Boxing
Horacio Gutierrez,"Chicago Fight Team - Chicago, IL"
Hu Yaozong,Team Hu
Hunter Azure,"Fight Ready - Scottsdale, AZ"
Hyder Amil,"El Nino Training Center - San Francisco, CA"
Hyun Gyu Lim,"Korean Top Team - Seoul, South Korea"
HyunSung Park,"Tiger Muay Thai - Phuket, Thailand"
Ian Entwistle,"Phuket Top Team- Thailand/ Apex MMA- Accrington, England"
Ian Heinisch,Sanford MMA
Ian Machado Garry,Team Garry
Ian McCall,"Team Oyama - Irvine, CA"
Ignacio Bahamondes,Valle Flow Striking Academy
Igor Pokrajac,American Top Team Europe - Zagreb
Ihor Potieria,Team Potieria
Ilia Topuria,Team Topuria
Ilir Latifi,"Allstars Training Center - Stockholm, Sweden"
Imanol Rodriguez,The Academy Fight Club and Blackxicans
Impa Kasanganay,Sanford MMA
Ion Cutelaba,CSA Team Moldova
Isaac Dulgarian,Factory X
Isaac Thomson,Team Alpha Male
Islam Dulatov,Triple One Gym Duesseldorf
Islam Makhachev,AKA (American Kickboxing Academy) San Jose
Ismael Bonfim,Cerrado MMA
Israel Adesanya,City Kickboxing
Istela Nunes,American Top Team
Iuri Alcantara,Marajo Brothers
Ivan Erslan,American Top Team
Iwo Baraniewski,Aligatores Fight Club
Jéssica Andrade,PRVT Para Vale Tudo
Jack Della Maddalena,Scrappy MMA
Jack Hermansson,Frontline Academy - Oslo
Jack Marshman,Tillery Combat MMA Academy - Wales
Jackson McVey,The MMA Lab
Jacob Malkoun,Gracie Jiu Jitsu Smeaton Grange
Jacobe Smith,Fortis MMA
Jacqueline Cavalcanti,Syndicate MMA
Jafel Filho,Nova União
Jai Herbert,Renegade Jiu-Jitsu
Jairzinho Rozenstruik,American Top Team
Jake Collier,"The Pit - Cuba, MO"
Jake Matthews,"XLR8 Traning Centre, Epping, Victoria, Australia"
Jakub Wiklacz,Red Dragon Poznan
Jalin Turner,RVCA
Jamal Pogues,Team Pogues
James Krause,Glory MMA & Fitness
James Moontasri,Black House MMA
James Te Huna,"Lions High Performance Centre - Sydney, Australia"
James Vick,"Lloyd Irving's MMA Temple Hills, MD"
Jamey-Lyn Horth,The Sound Martial Arts
Jamie Mullarkey,Central Coast MMA
Jamie Pickett,The HitPit Martial Arts
Jamie Siraj,Diaz Combat Sports
Jan Błachowicz,"Ankos MMA - Zapaśniczy 67, Warszawa"
Jaqueline Amorim,American Top Team
Jared Cannonier,ABJJ + Gracie Barra Alaska
Jared Gooden,Kelly Davis MMA
Jared Gordon,Kill Cliff FC
Jared Vanderaa,Kings MMA
Jarjis Danho,"Hammers Team - Nuremberg, BY Germany"
Jarno Errens,Team Thriving
Jasmine Jasudavicius,Niagara Top Team
Jason Gonzalez,"Millennia MMA - Rancho Cucamonga, CA"
Jason Knight,"Alan Belcher MMA - Diberville, MS"
Jason Novelli,"Portland, Oregon"
Jason Saggo,"Welfrun MMA- PEI, Canada"
Jason Witt,Glory MMA & Fitness
Javid Basharat,American Top Team
Javier Reyes,UKF Gym
Jay Perrin,Syndicate MMA
Jean Silva,The Fighting Nerds
Jean-Paul Lebosnoyani,UFC Performance Institute
Jeffrey Molina,Glory MMA & Fitness
Jeisla Chaves,Gomes Fight Team
JeongYeong Lee,Fight Ready
Jeremiah Wells,Daniel Gracie Team
Jeremy Kennedy,"Revolution Martial Arts, Langley BC Canada"
Jeremy Stephens,Alliance MMA - Chula Vista
Jerrod Sanders,"American Top Team - OKC, OK"
Jessamyn Duke,Combat Submission Wrestling
Jessica Aguilar,"American Top Team ATT Coconut Creek, FL"
Jessica Eye,Strong Style Cleveland
Jessica Penne,Alliance MMA - Chula Vista
Jessin Ayari,"Hammers Team - Nuremberg, BY Germany"
Jesus Aguilar,Entram Gym
Ji Yeon Kim,Syndicate MMA
Jiří Procházka,JETSAAM GYM
Jim Alers,Vagner Rocha Martial Arts
Jim Miller,"Miller Brothers MMA- Sparta, NJ"
Jimi Manuwa,Lions Pride MMA
Jimmie Rivera,"Tiger Schulmann's MMA - Elmwood Park, NJ"
Jimmy Crute,Stewie's House of BJJ
JJ Aldrich,Tiger Beetle Martial Arts
Joanna Jędrzejczyk,ARRACHION OLSZTYN
Joanne Wood,"Dinky Ninja Fight Team, Fife Scotland"
Joaquim Silva,American Top Team
Joaquin Buckley,STL Boxing
Joby Sanchez,Joel Diaz Boxing
Jocelyn Jones-Lybarger,"MMA LAB - Glendale, AZ"
Jodie Esquibel,Joel Diaz Boxing
Joe Duffy,Tristar Gym - Montreal
Joe Ellenberger,Premier Combat Center
Joe Lauzon,"Lauzon MMA - Easton, MA"
Joe Proctor,"Lauzon MMA - Easton, MA"
Joe Pyfer,Team Marquez MMA
Joe Soto,Central Valley Combat Academy
Joel Álvarez,Centro Deportivo Tíbet
Joey Gomez,Team Link Hooksett
John Dodson,Joel Diaz Boxing
John Hathaway,"London Shootfighters, London, UK"
John Lineker,OCS - Paranagua
John Makdessi,"Fight Ready - Scottsdale, AZ"
John Moraga,"Arizona combat sports/mma lab phoenix, az"
John Yannis,Xtreme Plainview
Johnny Case,Alliance MMA - Chula Vista
Johnny Eduardo,Nova Uniao - Rio de Janeiro
Johnny Walker,SBG Ireland
Johny Hendricks,Velociti Fitness
Jon Delos Reyes,Countershot Guam / Son BJJ Las Vegas
Jon Jones,Team Jones
Jon Tuck,Guam
Jonathan Martinez,Ohana Academy
Jonathan Meunier,Tristar Gym - Montreal
Jonathan Micallef,Combat 1 MMA / Australian Elite Team
Jonathan Pearce,"Fight Ready - Scottsdale, AZ"
Jonathan Wilson,Millennia MMA - Chino Hills
JooSang Yoo,Pinnacle Gym and Vamos
Jordan Griffin,"Roufusport - Milwaukee, WI"
Jordan Rinaldi,"Team ROC Charlotte, NC"
Jordan Vucenic,BST Academy
Jordan Williams,Factory X
Jordan Wright,Dynamix MMA
Jorge Masvidal,"American Top Team ATT Coconut Creek, FL"
José Aldo,Nova União
José Souza,Nova União
Jose Delano,Brazilian Top Team
Jose Johnson,Wave Combat Sports
Jose Miguel Delgado,The MMA Lab
Jose Ochoa,Chute Boxe
Josefine Knutsson,Allstars Training Center
Joselyne Edwards,"Xtreme Couture - Las Vegas, NV"
Joseph Benavidez,Team Alpha Male (Urijah Faber's Ultimate Fitness)
Joseph Holmes,Glory MMA & Fitness
Joseph Morales,Team Alpha Male
Josh Barnett,Combat Submission Wrestling
Josh Culibao,Igor MMA
Josh Emmett,Team Alpha Male (Urijah Faber's Ultimate Fitness)
Josh Fremd,Factory X
Josh Hokit,Jackson Wink MMA Academy - NM
Josh Samman,United States
Joshua Stansbury,"Impact Fight Team - East Liverpool, OH"
Joshua Van,4oz Fight Club
Josiah Harrell,Grove City BJJ
Josias Musasa,Elite Training Center
JP Buys,"Xtreme Couture - Las Vegas, NV"
Juan Diaz,UFC Performance Institue Mexico City
Juan Espino,American Top Team
Julia Avila,Outsiders Combat Club
Julian Erosa,"Xtreme Couture - Las Vegas, NV"
Julian Marquez,The MMA Lab
Juliana Lima,Gracie barra BH Belo Horizonte / Gracie barra Tx Texas
Julianna Peña,"Sik-Jitsu Spokane, WA"
Julien Leblanc,"Patenaude Martial Arts, Kill Cliff FC"
Julija Stoliarenko,Roger Gracie Academy
Julius Walker,Team Fusion
Junior Tafa,NTG Fight & Fitness
JunYong Park,"Korean Top Team - Seoul, South Korea"
Jussier Formiga,"Kimura-Natal, Nova Uniao RJ"
Justin Gaethje,Genesis Training Center
Justin Jaynes,"Xtreme Couture - Las Vegas, NV"
Justin Ledet,"Submission Boxing Academy Pearland, TX"
Justin Scoggins,"Revolution Martial Arts Inman, SC"
Justin Tafa,Tafa Gang
Justine Kish,Black House MMA
Kaan Ofli,Absolute MMA
Kai Asakura,Japan Top Team
Kai Kamaka III,"Xtreme Couture - Las Vegas, NV"
Kai Kara-France,City Kickboxing
Kajan Johnson,Tristar Vancouver
Kamaru Usman,"Blackzilians - Boca Raton, FL"
Kamuela Kirk,Siege MMA
Karine Silva,The Fighting Nerds
Karl Roberson,Team Roberson
Karl Williams,"Xtreme Couture - Las Vegas, NV"
Karol Rosa,Gaea Project MMA
Karolina Kowalkiewicz,Gracie Barra Lodz
Katlyn Cerminara,Renzo Gracie Academy
Kay Hansen,"Classic Fight Team, Costa Mesa CA"
Kayla Harrison,American Top Team
Kazula Vargas,Team Kazula
Keiichiro Nakamura,EXFIGHT
Keita Nakamura,"K-Taro Dojo, Tokyo"
Keith Berish,Glover Teixeira Training Center
Kelvin Gastelum,Yuma United/Kings MMA
Kennedy Nzechukwu,War Room MMA
Kenny Robertson,Team Robertson
Ketlen Souza,Carioca Academy
Ketlen Vieira,Nova União
Kevin Aguilar,Team 515
Kevin Borjas,Pitbull Martial Arts Center
Kevin Casey,Black House MMA
Kevin Christian,Cosme Junior Team
Kevin Croom,Glory MMA & Fitness
Kevin Holland,Squabble MMA
Kevin Jousset,City Kickboxing
Kevin Lee,"Xtreme Couture - Las Vegas, NV"
Kevin Natividad,"Fight Ready - Scottsdale, AZ"
Kevin Vallejos,Team Lucas Mineiro
Khabib Nurmagomedov,AKA (American Kickboxing Academy) San Jose
Khalid Taha,Team Taha
Khalil Rountree Jr.,"Syndicate MMA - Las Vegas, NV"
Khamzat Chimaev,"TKMMA Fit, Akhmat MMA"
Khaos Williams,Murcielago MMA
Kiefer Crosbie,SBG Ireland
Kiichi Kunimoto,"Cobra-Kai- Osaka, Japan"
King Green,Pinnacle MMA
Klaudia Sygula,Ankos MMA
Kody Steele,"Syndicate MMA - Las Vegas, NV"
Konstantin Erokhin,"Fight Nights Gym - Moscow, RU"
Kron Gracie,Team Gracie
Krzysztof Jotko,"OXYgym Stavanger, Norway"
Kurt Holobaugh,Gracie United
Kurtis Campbell,"KC Fight Base, Liverpool Combat Academy, The MMA Academy"
Kyle Daukaus,The Forge MMA
Kyle Nelson,House of Champions
Kyle Noke,Joel Diaz Boxing
Kyoji Horiguchi,American Top Team
Lance Gibson Jr.,Gibson MMA
Lando Vannata,Joel Diaz Boxing
Lara Procopio,Nova Uniao - Rio de Janeiro
Larissa Pacheco,"Projeto casa da cultura , amazon pro team"
Lauren Murphy,High Altitude Martial Arts
Lawrence Lui,City Kickboxing
Leah Letson,Wanderley Jiu-Jitsu
Leandro Issa,Evolve mma Singapore
Leo Kuntz,"American Top Team ATT Coconut Creek, FL"
Leon Edwards,UTC Ultimate Training Centre Birmingham
Leon Shahbazyan,Freestyle MMA
Leonardo Augusto Leleco,"MMA Masters - Miami, FL"
Leonardo Santos,Nova Uniao - Rio de Janeiro
Lerone Murphy,Manchester Top Team
Lerryan Douglas,Bloodline CSA
Leslie Smith,"El Nino Training Center - San Francisco, CA"
Levan Chokheli,Q MMA
Li Jingliang,China Top Team Beijing
Liana Jojua,Syndicate MMA
Liang Na,UFC Performance Institute Shanghai
Liudvik Sholinian,Syndicate MMA
Liz Carmouche,San Diego Combat Academy
Loma Lookboonmee,Syndicate MMA
Lone’er Kavanagh,GB Top Team
Loopy Godinez,WKX / PT Team Vancouver
Lorenz Larkin,Millennia MMA - Riverside
Losene Keita,Lamiro Fight Club
Louie Sutherland,Fightzone & Durrant’s Gym London
Louis Cosce,Syndicate MMA
Louis Smolka,Hawaii Elite MMA - Hawaii
Luan Chagas,"Gile Ribeiro - Curitiba, Brazil"
Luan Lacerda,Nova Uniao - Rio de Janeiro
Lucas Brennan,Syndicate MMA
Lucie Pudilova,SBG Ireland
Luigi Vendramini,Factory X
Luis Felipe Dias,Vale Top Team
Luis Gurule,Good Guys MMA
Luis Henrique,TFT/ATT
Luis Pena,American Top Team
Lukasz Brzeski,WCA Warszawa
Lukasz Sajewski,Mighty Bulls Gdynia
Luke Fernandez,Dante Rivera BJJ
Luke Riley,NEXT Generation MMA
Luke Rockhold,AKA (American Kickboxing Academy) San Jose
Luke Sanders,Nashville MMA
Lyman Good,"Tiger Schulmann's MMA - Elmwood Park, NJ"
Lyoto Machida,Black House MMA
Mackenzie Dern,Megaton Dias BJJ
Magnus Cedenblad,"Pancrase gym, Stockholm"
Magomed Mustafaev,Sochi Star
Mairbek Taisumov,"Tiger Muay Thai - Phuket, Thailand"
Mairon Santos,The Fighting Nerds
Makhmud Muradov,Czech Monster Gym
Maki Pitolo,"Xtreme Couture - Las Vegas, NV"
Makwan Amirkhani,Allstarts Gym
Malcolm Gordon,The UFC Performance Institute
Malcolm Wellmaker,Faglier’s MMA
Mana Martinez,Metro Fight Club
Mandel Nallo,Tristar Gym - Montreal
Mandy Böhm,"Xtreme Couture - Las Vegas, NV"
Manel Kape,Kleber Repolho Jiujitsu MMA
Manny Gamburyan,"Hayastan - North Hollywood, CA"
Manoel Sousa,Academia Octógono
Manolo Zecchini,Jackson Wink MMA Academy - NM
Mansur Abdul-Malik,"Xtreme Couture - Las Vegas, NV"
Marc Diakiese,Team Diakiese
Marc-Andre Barriault,Kill Cliff FC
Marcelo Guimaraes,XGYM - Rio de Janeiro
Marcelo Rojo,"Entram Gym - Tijuana, Baja CA"
Marcin Prachnio,Tatsujin MMA
Marcin Tybura,S4 Warszawa
Marcin Wrzosek,Nottingham MMA
Marcio Alexandre,Black House MMA
Marcio Barbosa,Giants Team
Marco Polo Reyes,"Entram Gym - Tijuana, Baja CA"
Marco Tulio,Chute Boxe
Marcos Rogerio de Lima,011 MMA TEAM
Marcus Buchecha,American Top Team
Marcus McGhee,The MMA Lab
Marek Bujlo,Dragons Den Fight Club
Mario Bautista,The MMA Lab
Mario Pinto,Fightzone London
Marion Reneau,Trifecta MMA
Mark Choinski,Roufusport
Mark Hunt,AKA - Thailand
Mark Madsen,"Fight Ready - Scottsdale, AZ"
Mark Vologdin,Allstars Training Center
Marlon Moraes,American Top Team
Marlon Vera,Team 5050 Guayaquil Ecuador
MarQuel Mederos,"MMA LAB - Glendale, AZ"
Martin Buday,Spartakus Fight Gym
Marvin Vettori,"Kings MMA - Huntington Beach, CA"
Marwan Rahiki,Lion’s Den Academy
Maryna Moroz,Floid Dnepropetrovsk
Mashrabjon Ruzibaev,Marquez MMA Gym
Mateus Mendonça,Chute Boxe
Mateusz Gamrot,American Top Team
Mateusz Rębecki,American Top Team
Matheus Camilo,"Xtreme Couture - Las Vegas, NV"
Matheus Nicolau,Nova Uniao - Rio de Janeiro
Matt Brown,None
Matt Frevola,LAW MMA
Matt Hobar,"Octagon MMA - Dallas, TX"
Matt Sayles,Alliance MMA
Matthew Lopez,"Classic Fight Team, Costa Mesa CA"
Maurice Greene,Jackson Wink MMA Academy - NM
Mauricio Rua,"Kings MMA - Huntington Beach, CA"
Mauricio Ruffy,Fusion X-Cel
Max Gimenis,Culture of Jiu Jitsu
Max Griffin,"Marinobles Kickboxing - Roseville, CA"
Max Grishin,Team Grishin
Max Holloway,Hawaii Elite MMA - Hawaii
Maycee Barber,High Altitude Martial Arts
Mayra Bueno Silva,Team Sheetara
Melissa Croden,Alavanca
Melissa Gatto,KO Squad
Melissa Mullins,"Gracie Barra Holbrooks, Faber Jiu-Jitsu"
Melquizael Costa,Chute Boxe
Melsik Baghdasaryan,Glendale Fighting Club
Merab Dvalishvili,Team Serra/Longo
Michael Aswell Jr.,4oz Fight Club
Michael Chandler,Kill Cliff FC
Michael Chiesa,"Sik-Jitsu Spokane, WA"
Michael Graves,"American Top Team ATT Coconut Creek, FL"
Michael Johnson,Jaco Hybrid Training Center
Michael McBride,McBride MMA
Michael McDonald,Last Stand Fight Team
Michael Trizano,"Tiger Schulmann's MMA - Elmwood Park, NJ"
Michael Venom Page,"London Shootfighters, London, UK"
Michal Oleksiejczuk,The Fighting Nerds
Michel Pereira,Xtreme Couture / Overcome Academy
Michel Prazeres,"Coalizao - Belem, Brazil"
Michelle Montague,American Top Team
Michelle Waterson-Gomez,Joel Diaz Boxing
Michinori Tanaka,none (he is freelance)
Mick Parkin,Team Fish Tank
Mickey Gall,Gracie New Jersey
Miesha Tate,"Xtreme Couture - Las Vegas, NV"
Mike Davis,Fusion Xcel
Mike De La Torre,"MMA LAB - Glendale, AZ"
Mike Grundy,Team Kaobon
Mike Jackson,Main Street Boxing and Muay Thai
Mike Malott,Niagara Top Team
Mike Perry,Team Perry
Mike Pierce,Rose City FC
Mike Pyle,"Syndicate MMA - Las Vegas, NV"
Milana Dudieva,Peresvet Rostov-on-Don
Miles Johns,Marathon MMA
Miranda Maverick,Pound 4 Pound Muay Thai & Easton Training Center Denver
Mirsad Bektic,"American Top Team ATT Coconut Creek, FL"
Misha Cirkunov,"Xtreme Couture - Las Vegas, NV"
Mitch Clarke,"Complete Fitness- St, Alberta/ MMA Lab- Glendale, AZ"
Mitch Gagnon,Troop MMA
Mitch Raposo,New England Cartel
Mizuki,"Serra-Longo - Long Island, NY"
Mizuto Hirota,Cave MMA Academy
Modestas Bukauskas,Gintas Combat / BST Academy
Mohammed Usman,Kill Cliff FC
Molly McCann,NEXT Generation MMA
Montel Jackson,Pura Vida BJJ & MMA
Montse Rendon,ECR Fight Center
Montserrat Conejo Ruiz,Kings MMA El Paso
Mounir Lazzez,971 MMA
Movsar Evloev,American Top Team
Muin Gafurov,Syndicate MMA
Murtazali Magomedov,Goret’s Gym
Muslim Salikhov,Abdulmanap Nurmagomedov School
Myktybek Orolbai,Team Alpha Male
Myles Jury,Alliance Training Center East -Santee
Nassourdine Imavov,Venum Training Camp Paris
Natalia Silva,Team Borracha
Nate Diaz,"Gracie Fighter / Nick Diaz Academy - Lodi, CA"
Nate Landwehr,"MMA Masters - Miami, FL"
Nathan Fletcher,NEXT Generation MMA
Navajo Stirling,City Kickboxing
Neil Magny,"Elevation Fight Team - Denver, CO"
Neil Seery,"Team Ryano Dublin, Republic of Ireland"
Nicco Montano,Syndicate MMA
Nick Diaz,Cesar Gracie Fight Team
Nick Fiore,New England Cartel
Nick Hein,"Tiger Muay Thai - Phuket, Thailand"
Nick Klein,Pura Vida BJJ & MMA
Nico Musoke,Prana Jiu Jitsu Stockholm
Nicolas Dalby,Rumble Sports
Nicolle Caliari,Thai Brasil Floripa
Nik Lentz,"American Top Team ATT Coconut Creek, FL"
Nikita Krylov,"Fight Club No1 - Moscow, Russia"
Niklas Stolze,Syndicate MMA
Niko Price,FightMe Combat Sports
Nikolas Motta,"Xtreme Couture - Las Vegas, NV"
Nikolay Veretennikov,Kings MMA
Nina Nunes,"American Top Team ATT Coconut Creek, FL"
Ning Guangyou,"Tiger Muay Thai - Phuket, Thailand"
Nordine Taleb,Tristar Gym - Montreal
Nyamjargal Tumendemberel,Shandas MMA
Oban Elliott,Shore Mixed Martial Arts
Olivier Aubin-Mercier,Tristar Gym - Montreal
Ollie Schmid,City Kickboxing
Oluwale Bamgbose,"Joker Chute Boxe/C1-MMA - Brooklyn, NY"
Omar Morales,Sanford MMA
Omari Akhmedov,Dag Fighter Team
Otari Tanzilovi,Guram Fight Club
Ottman Azaitar,Team Morocco
Oumar Sy,Bulgarian Top Team
Ovince Saint Preux,"Knoxville Martial Arts Academy- Knoxville, TN"
Ozzy Diaz,The Q
Paddy Pimblett,NEXT Generation MMA
Paige VanZant,Team Alpha Male (Urijah Faber's Ultimate Fitness)
Pannie Kianzad,Team Banzai
Pat Sabatini,Marquez MMA
Patchy Mix,"Xtreme Couture - Las Vegas, NV"
Patricio Pitbull,Pitbull Brothers
Patrick Cote,BTT Canada
Patrick Cummins,Reign Training Center Lake Forrest
Patrick Williams,None
Paul Craig,Higher Level MMA
Paul Felder,Renzo Gracie Philly (Philadelphia) / BMF Ranch (New Mexico)
Paulo Costa,Team Borracha
Payton Talbott,Reno Academy of Combat
Pedro Falcao,Nova União
Pedro Munhoz,Black House MMA
Pete Rodriguez,The MMA Lab
Peter Barrett,Sityodtong Boston
Peter Sobotta,"Planet Eater, Balingen"
Phil Rowe,Fusion Xcel
Phillipe Nover,Church St Boxing Gym
Piera Rodriguez,"Xtreme Couture - Las Vegas, NV"
Poliana Botelho,Nova União
Polyana Viana,UFC Performance Institute
Priscila Cachoeira,Lioness Studio
Punahele Soriano,"Xtreme Couture - Las Vegas, NV"
Quang Le,The Academy of Minnesota
Quillan Salkilld,Luistro Combat Academy
Rafa Garcia,Bloodline Combat Sports
Rafael Cerqueira,Galpao da Luta / CTJ
Rafael Dos Anjos,"Kings MMA - Huntington Beach, CA"
Rafael Estevam,Nova Uniao - Rio de Janeiro
Rafael Fiziev,"Tiger Muay Thai - Phuket, Thailand"
Rafael Natal,"Renzo gracie Academy- Houston, Texas"
Rafael Tobias,Chute Boxe Monstro
Ramazan Temirov,Legion Gym
Ramiz Brahimaj,Valle Flow Striking Academy
Ramon Taveras,Bulldog Boxing
Ramona Pascual,Syndicate MMA
Randa Markos,Michigan Top Team
Randy Brown,Budokan Martial Arts
Rani Yahya,Constrictor Team Brazilia
Raoni Barcelos,Top Brother
Raphael Assunção,Ascensino MMA
Raquel Pennington,Colorado Springs BJJ
Rashad Evans,"Blackzilians - Boca Raton, FL"
Rashid Magomedov,"American Top Team ATT Coconut Creek, FL"
Raul Rosas Jr.,Rosas Brothers MMA
Raulian Paiva,Team Alpha Male
Ray Borg,"Fit NHB, Albuquerque, NM"
Ray Rodriguez,Ultimate Submission Academy
Rayanne Dos Santos,Main Street Boxing & Muay Thai
Regina Tarin,UFC Performance Institute
Reginaldo Vieira,"Academia Sidney, Sao Paulo"
Reinier de Ridder,Kill Cliff FC
Renan Barao,Nova Uniao - Rio de Janeiro
Renato Moicano,American Top Team
Reza Madadi,Allstars Training Center
Ricardo Abreu,"Kings MMA - Huntington Beach, CA"
Ricardo Lamas,"Top Notch- Chicago, IL/MMA Masters- Miami, FL"
Ricardo Ramos,The Fighting Nerds
Rich Walsh,"VT1 Gym- Sydney, Australia"
Ricky Glenn,Absolute MMA and Fitness
Ricky Simon,Team Oyama
Rinat Fakhretdinov,American Top Team
Rinya Nakamura,EXFIGHT
Rizvan Kuniev,American Top Team
Roan Carneiro,"American Top Team - Atlanta, GA"
Rob Font,Sityodtong - Boston
Rob Whiteford,"American Top Team ATT Coconut Creek, FL"
Robbie Lawler,"American Top Team ATT Coconut Creek, FL"
Robelis Despaigne,MMA Temple
Robert Bryczek,Uniq Fight Club
Robert Ruchala,"American Top Team, Grappling Kraków"
Robert Valentin,"Xtreme Couture - Las Vegas, NV"
Robert Whittaker,"PMA, Padstow NSW, Australia"
Roberto Romero,Team Oyama
Rodolfo Vieira,Machida Martial Arts
Rodrigo Nascimento,American Top Team
Rodrigo Sezinando,Lions MMA
Rodrigo Vera,Pitbull Martial Arts Center
Rolando Bedoya,Chute Boxe
Roman Dolidze,"Xtreme Couture - Las Vegas, NV"
Ronaldo Souza,XGYM - Rio de Janeiro
Ronda Rousey,Glendale Fighting Club CA
Rony Jason,Evolucao Thai - Curitiba
Rory MacDonald,Tristar Gym - Montreal
Rory Singer,SBGAthens
Rose Namajunas,Grudge Training Center
Ross Pearson,Alliance MMA - Chula Vista
Roxanne Modafferi,"Syndicate MMA - Las Vegas, NV"
Roy Nelson,Country Club
Ruslan Magomedov,Akhmat Fight Club
Russell Doane,Hawaii Elite MMA - Hawaii
Ryan Bader,"Power MMA and Fintess - Gilbert, AZ"
Ryan Benoit,Renzo Gracie Academy
Ryan Hall,"Fifty/50 - Falls Church, VA"
Ryan Janes,"Zuma Martial Arts - Victoria, BC"
Ryan Loder,Team Alpha Male
Ryan Spann,Fortis MMA
Sabah Homasi,"American Top Team ATT Coconut Creek, FL"
Sabina Mazo,"Teixeira MMA & Fitness-Bethel, CT"
Sage Northcutt,Gracie Barra Katy
Said Nurmagomedov,Team Nurmagomedov
Sam Alvey,Team Quest
Sam Hughes,Fortis MMA
Sam Patterson,Team Crossface
Sam Sicilia,"Sik-Jitsu Spokane, WA"
Santiago Luna,Parillo Boxing
Santiago Ponzinibbio,"American Top Team ATT Coconut Creek, FL"
Sara McMann,Revolution MMA
Sarah Alpar,Southside Kickboxing Company
Sarah Kaufman,"Zuma Martial Arts - Victoria, BC"
Sarah Moras,"Toshido MMA - Kelowna, BC Canada"
Scott Askham,ASW (Manchester)
Scott Holtzman,"Shield Systems Academy - Knoxville, TN"
Sean Brady,Marquez MMA
Sean O'Connell,Jeremy Horn's Elite Performance MMA
Sean O'Malley,"MMA LAB - Glendale, AZ"
Sean Santella,"Miller Brothers MMA, Nick Catone MMA, Ricardo Almeida BJJ"
Sean Sharaf,XCMMA
Sean Soriano,Sanford MMA
Sean Spencer,Octagon MMA
Sean Strickland,"Millennia MMA, Rancho, CA"
Sean Woodson,The Wolves’ Den Training Center
Sedriques Dumas,Witness Martial Arts
Seohee Ham,"TeamMAD- Busan, South Korea"
Seokhyeon Ko,HAVAS MMA
Sergey Khandozhko,"Xtreme Couture - Las Vegas, NV"
Sergey Morozov,American Top Team
Serghei Spivac,Polar Bear Team
Sergio Moraes,Evolucao Thai - Curitiba
SeungGuk Choi,Korean Zombie MMA
Shamil Abdurakhimov,Fighting Eagle
Shana Dobson,Team Elevation
Shane Burgos,"Tiger Schulmann's MMA - Elmwood Park, NJ"
Shane Campbell,"Toshido MMA - Kelowna, BC Canada"
Shane Collins,"Cobra Team, The Q MMA"
Shane Young,City Kickboxing
Shanelle Dyer,Great Britain Top Team
Shanna Young,Syndicate MMA
Shauna Bannon,Holohan Martial Arts
Shavkat Rakhmonov,Kill Cliff FC
Shayilan Nuerdanbieke,Sanford MMA
Sheldon Westcott,"Complete Fitness & Martial Arts - St. Albert, Alberta"
Shem Rock,NEXT Generation MMA
Shinsho Anzai,1-2-40 yoshimachi soukashi saitamaken
Silvana Gomez Juarez,Entram Gym
Siyar Bahadurzada,Joel Diaz Boxing
Sofia Montenegro,UFC Performance Institute
Song Kenan,Beijing Black Tiger
Song Yadong,Team Alpha Male
Stefan Struve,"Blackzilians - Boca Raton, FL"
Stephen Thompson,Upstate Karate Family Martial Arts Center
Steve Bosse,PRO GYM - Saint-Jean
Steve Erceg,Wilkes Martial Arts & Fitness Academy
Steve Garcia,Jackson Wink MMA Academy - NM
Steve Montgomery,"American Top Team ATT Coconut Creek, FL"
Steven Asplund,Minnesota Top Team
Steven Kennedy,Kickass MMA
Steven Peterson,Fortis MMA
Stevie Ray,"Dinky Ninja Fight Team, Fife Scotland"
Stewart Nicoll,Team Compton Training Centre
Stipe Miocic,Strongstyle Fight Team
Sumudaerji,Team Alpha Male
SuYoung You,Black Combat
Tabatha Ricci,Paragon BJJ / Knuckleheadz Boxing
Tae Hyun Bang,"Korean Top Team - Seoul, South Korea"
Tafon Nchukwi,Team Lloyd Irvin
Tagir Ulanbekov,AKA / Eagles MMA
Tai Tuivasa,Team Tuivasa
Takanori Gomi,"Rascal Gym, Tokyo Japan"
Takashi Sato,Sanford MMA
Takeya Mizugaki,"Hakkei Gym Kanagawa, Japan"
Talita Alencar,Team Reis & M80 Wrestling
Tamdan McCrory,"Team Balance - Binghamton, NY"
Tanner Boser,Bulldozer MMA
Tarec Saffiedine,Temecula
Tatiana Suarez,"Millennia MMA - Rancho Cucamonga, CA"
Tatsuya Kawajiri,T-BLOOD
Taylor Lapilus,cross Fight paris
Tecia Pennington,"American Top Team ATT Coconut Creek, FL"
Teemu Packalen,"FinnFighters Gym - Turku, Finland"
Tereza Bledá,Reinders MMA
Terrance McKinney,Warrior Camp
Terrance Saeteurn,Train4Life
Teruto Ishihara,"Team Alpha Male Japan, other gyms"
Thales Leites,Nova Uniao - Rio de Janeiro
Themba Gorimbo,"MMA Masters - Miami, FL"
Thiago Alves,"American Top Team ATT Coconut Creek, FL"
Thiago Moisés,The Fighting Nerds
Thiago Santos,Ricardo Almeida/Valor MMA
Thiago Tavares,"Team Tavares- Florianopolis, Brasil"
Thomas Almeida,Chute Boxe - Sao Paulo
Thomas Petersen,The Striking Institute
Tiago Trator,Nova Uniao - Rio de Janeiro
Tim Boetsch,"Team Irish MMA- Brewer, ME"
Tim Elliott,Next Generation Gym
Tim Kennedy,Joel Diaz Boxing
Tim Means,"FIT NHB Albuquerque, NM"
Timmy Cuamba,BK MMA
Timothy Johnson,"Academy of Combat Arts (ACA) Fargo, ND"
Tina Lahdemaki,RNC Sport Club Hyvinkää
TJ Dillashaw,The Treigning Lab
TJ Grant,Fit plus martial arts / cole harbour Nova Scotia
Todd Duffee,"American Top Team ATT Coconut Creek, FL"
Tofiq Musayev,Mammadaliyev Team
Tom Aspinall,Team Kaobon
Tom Breese,Tristar Gym - Montreal
Tom Lawlor,"Syndicate MMA - Las Vegas, NV"
Tom Nolan,Team Compton Training Centre
Tommy Gantt,The Academy Fight Club
Tommy McMillen,Red Hawk Academy
Tony Ferguson,Reign Training Center Lake Forrest
Tony Gravely,American Top Team
Tony Kelley,Soul Fighters
Tracy Cortez,Fight Ready
Travis Browne,Glendale Fighting Club CA
Tre’ston Vines,KageFit / Top Pressure Fight Team
Tresean Gore,The MMA Lab
Trevin Giles,War Training Center
Trevin Jones,Fortis MMA
Trevor Peek,Bang Muay Thai
Trey Ogden,Marathon MMA
Tristan Connelly,Checkmat Vancouver
Tucker Lutz,Team Ground Control
Tuco Tokkos,Kill Cliff FC
Ty Miller,"FIT NHB Albuquerque, NM"
Tyrell Fortune,Arizona Combat Sports
Tyron Woodley,"American Top Team ATT Coconut Creek, FL"
Tyson Nam,Hawaii Elite MMA - Hawaii
Tyson Pedro,"Lions High Performance Centre - Sydney, Australia"
Ulka Sasaki,Wajiutsu Keishu-kai Suruga
Uran Satybaldiev,Team Alpha Male
Uriah Hall,Reign Training Center Lake Forrest
Urijah Faber,Team Alpha Male (Urijah Faber's Ultimate Fitness)
Uroš Medić,Anchorage Brazilian Jiu Jitsu
Valentina Shevchenko,"Tiger Muay Thai - Phuket, Thailand"
Valerie Letourneau,"American Top Team ATT Coconut Creek, FL"
Valmir Lazaro,Nova Uniao - Rio de Janeiro
Vanessa Demopoulos,Lil’ Monster’s Academy of Pain
Veronica Hardy,"Ankos MMA - Zabikowska 66, Lubon"
Viacheslav Borshchev,Team Alpha Male
Vicente Luque,"Blackzilians - Boca Raton, FL"
Victor Martinez,Fortis MMA
Victor Valenzuela,"MMA Masters - Miami, FL"
Victoria Leonardo,Brett Mason's Elite Combat Academy
Vinc Pichel,Factory X
Vince Cachero,Factory X
Vince Morales,Syndicate MMA
Vinicius Moreira,Five Rounds Academy
Vinicius Oliveira,Sombra Team MMA
Virna Jandiroba,Academia Fight House
Viscardi Andrade,Viscardi Andrade Training Center
Vitor Belfort,"Blackzilians - Boca Raton, FL"
Vitor Miranda,Team Nogueira - Rio de Janeiro
Vitor Petrino,CM System
Volkan Oezdemir,Allstars Training Center
Walt Harris,"American Top Team ATT Coconut Creek, FL"
Wang Cong,UFC PI Shanghai
Warlley Alves,XGYM - Rio de Janeiro
Wellington Turman,"Teixeira MMA & Fitness-Bethel, CT"
Wes Schultz,Pura Vida BJJ & MMA
Will Brooks,"American Top Team ATT Coconut Creek, FL"
William Gomis,Venum Training Camp Paris
William Knight,Thornton Mixed Martial Arts
Wilson Reis,Alliance MMA - Chula Vista
Wu Yanan,Jackson Wink MMA Academy - NM
Xiao Long,UFC Performance Institute Shanghai
Xiong Jingnan,The Block Bali
Yadier del Valle,Main Street Boxing and Muay Thai
Yair Rodriguez,Izzystyle wrestling & VFS Chicago
Yan Cabral,Nova Uniao - Rio de Janeiro
Yan Xiaonan,China Top Team Beijing
Yana Santos,American Top Team
Yancy Medeiros,Nick Diaz Academy
Yao Zhikui,"China Top Team SidDaoKou Street, Haidian Diserice"
Yaroslav Amosov,American Top Team
YiSak Lee,"Korean Top Team - Seoul, South Korea"
Yoel Romero,"American Top Team ATT Coconut Creek, FL"
Yohan Lainesse,Tristar
Yorgan De Castro,Regiment Training Center
Yoshihiro Akiyama,Cloud Akiyama
Yousri Belgaroui,"Teixeira MMA & Fitness-Bethel, CT"
Youssef Zalal,Factory X
Yuma Horiuchi,"Team Oyama - Irvine, CA"
Yuneisy Duben,Pound 4 Pound Muay Thai
Yusuke Kasuya,Infinity Martial Arts
Zac Pauga,"Elevation Fight Team - Denver, CO"
Zach Makovsky,Tristar Gym - Montreal
Zach Scroggin,Marathon MMA
Zachary Reese,War Training Center
Zak Cummings,Glory MMA & Fitness
Zarah Fairn,Team Figueiredo
Zarrukh Adashev,Team Lion
Zhalgas Zhumagulov,American Top Team
Zhang Mingyang,Bangtao Muay Thai and MMA
Zhang Weili,Team Zhang
Zhu Kangjie,Haosheng Fight Gym / Guangzhou Sport University
Zubaira Tukhugov,"Tiger Muay Thai - Phuket, Thailand"
Zviad Lazishvili,Kaizen MMA
Zygimantas Ramaska,Ukmergė Judo Club
