gym,fighter_count,example_fighters,elevation_ft
011 MMA TEAM,1,Marcos Rogerio de Lima,2668.7
1-2-40 yoshimachi soukashi saitamaken,1,Shinsho Anzai,23.8
10th Planet Jiu-Jitsu,1,Daniel Rodriguez,621.8
4oz Fight Club,5,Dakota Hope; Daniel Pineda; Derrick Lewis; Joshua Van; Michael Aswell Jr.,130.8
"4oz Fight Club, Aztlan Boxing",1,Alden Coria,89.5
971 MMA,1,Mounir Lazzez,24.1
Abdulmanap Nurmagomedov School,1,Muslim Salikhov,519.4
ABJJ + Gracie Barra Alaska,1,Jared Cannonier,107.3
Absolute MMA,1,Kaan Ofli,4350.6
Absolute MMA and Fitness,1,Ricky Glenn,832.4
Absoluto Fighting Center,1,Cristina Stanciu,217.7
Academa CM System,1,Elizeu Zaleski dos Santos,2741.8
Academia Corinthians - Sao Paulo,1,Douglas Silva de Andrade,2381.2
Academia Fight House,1,Virna Jandiroba,2502.6
Academia Octógono,1,Manoel Sousa,2492.8
Academia Ribas Family / Team LJ combat,1,Alexia Thainara,3059.8
"Academia Sidney, Sao Paulo",1,Reginaldo Vieira,2626.7
"Academy of Combat Arts (ACA) Fargo, ND",1,Timothy Johnson,901.1
AFC VILLALBA / BJJ GANDO,1,Hecher Sosa,2891.7
Agema Jiu-Jitsu,1,Court McGee,4507.1
AKA (American Kickboxing Academy) San Jose,7,Alejandro Pérez; Cain Velasquez; Daniel Cormier; Gabriel Benitez; Islam Makhachev,209.7
AKA - Thailand,1,Mark Hunt,91.9
AKA / Eagles MMA,1,Tagir Ulanbekov,552.5
Akhmat Fight Club,1,Ruslan Magomedov,423.2
"Alan Belcher MMA - Diberville, MS",1,Jason Knight,17.7
Alavanca,1,Melissa Croden,3533.2
Aligatores Fight Club,1,Iwo Baraniewski,369.2
All In MMA,1,Francisco Rivera,160.7
Alliance MMA,2,Dwight Grant; Matt Sayles,457.5
Alliance MMA - Chula Vista,8,Angela Magana; Bec Rawlings; Erik Perez; Jeremy Stephens; Jessica Penne,44.5
Alliance Training Center East -Santee,2,Dominick Cruz; Myles Jury,1226.1
Allstars Training Center,6,Alexander Gustafsson; David Teymur; Josefine Knutsson; Mark Vologdin; Reza Madadi,62.2
"Allstars Training Center - Stockholm, Sweden",1,Ilir Latifi,62.2
Allstarts Gym,3,Benardo Sopaj; Guram Kutateladze; Makwan Amirkhani,701.1
"AMC Pankration, Kirkland, WA",1,Demetrious Johnson,167.9
American Kickboxing Academy (AKA),1,Deron Winn,209.7
American Top Team,38,Alexandre Pantoja; Austin Vanderford; Azamat Bekoev; Bia Mesquita; Bo Nickal,755.4
"American Top Team - Atlanta, GA",2,Dhiego Lima; Roan Carneiro,829
"American Top Team - OKC, OK",1,Jerrod Sanders,1265.5
"American Top Team - Orlando, FL",1,Alex Nicholson,75.5
"American Top Team ATT Coconut Creek, FL",31,Adriano Martins; Andrei Arlovski; Antonio Carlos Junior; Antonio Silva; Brad Pickett,14
American Top Team Europe - Zagreb,1,Igor Pokrajac,400.5
American Top Team Zagreb,1,Aleksandar Rakić,400.5
"American Top Team, Grappling Kraków",1,Robert Ruchala,760.5
Anchorage Brazilian Jiu Jitsu,1,Uroš Medić,107.3
Ankos MMA,1,Klaudia Sygula,230.8
"Ankos MMA - Zabikowska 66, Lubon",1,Veronica Hardy,230.8
"Ankos MMA - Zapaśniczy 67, Warszawa",1,Jan Błachowicz,370.3
Ankos Zapasy Warszwa-Wcawarszawa,1,Daniel Omielanczuk,328.5
Apex MMA,1,Andre Ewell,652.3
Arizona Combat Sports,1,Tyrell Fortune,1149.7
"Arizona combat sports/mma lab phoenix, az",1,John Moraga,1338.5
ARRACHION OLSZTYN,1,Joanna Jędrzejczyk,414.4
Ascensino MMA,1,Raphael Assunção,1293.7
Astra Fight Team,2,Darren Till; Glaico Franca,3.9
ASW (Manchester),1,Scott Askham,95.1
Atreus MMA,1,Amir Albazi,261.2
Austin Kickboxing Academy,1,Daniel Jolly,641
"Ban Team, Vila Velebita 1G Zagreb",1,Filip Pejic,437.1
Bang Muay Thai,1,Trevor Peek,5431.3
Bangtao Muay Thai,1,Casey O'Neill,29
Bangtao Muay Thai and MMA,1,Zhang Mingyang,29
"Banks MMA - Tampa, FL",1,Geane Herrera,19.8
Beijing Black Tiger,1,Song Kenan,131.7
Bellmore Kickboxing (NY),2,Gian Villante; Gregor Gillespie,10.5
BK MMA,1,Timmy Cuamba,627.4
BKK / Tristar,1,Arnold Allen,12
Black Combat,1,SuYoung You,34.4
Black House MMA,7,Alan Jouban; James Moontasri; Justine Kish; Kevin Casey; Lyoto Machida,51
"Blackzilians - Boca Raton, FL",9,Abel Trujillo; Anthony Johnson; Cezar Ferreira; Danny Roberts; Kamaru Usman,16.3
Bloodline Combat Sports,1,Rafa Garcia,247.3
Bloodline CSA,1,Lerryan Douglas,247.3
BMF Ranch,1,Donald Cerrone,6607.5
Bonebreakers Central,1,Augusto Montano,7316.3
Bonfim Brothers Academy,1,Gabriel Bonfim,3098.2
Brazilian TKO,1,Brunno Ferreira,2978.1
Brazilian Top Team,2,Charles Jourdain; Jose Delano,626.4
Brazilian Warriors / Lobo Gym,1,Diego Lopes,6922.1
Brett Mason's Elite Combat Academy,1,Victoria Leonardo,599.7
Bronx's Gold Team,1,Charles Oliveira,116.7
Brunsons MMA and Fitness,1,Allen Frye Jr.,42.3
BST Academy,1,Jordan Vucenic,260.1
BTT Canada,1,Patrick Cote,124.4
Budokan Martial Arts,1,Randy Brown,20.8
Bulgarian Top Team,1,Oumar Sy,3652.1
Bulldog Boxing,1,Ramon Taveras,694.1
Bulldozer MMA,1,Tanner Boser,2047.2
Bushido Academy Avignon,1,Cyril Asker,99.2
California Mixed Martial Arts,1,Chris Padilla,50.4
Carioca Academy,1,Ketlen Souza,235.7
Carolina Combat Sports and Fitness,1,Bryan Battle,635
Cave MMA Academy,1,Mizuto Hirota,954.4
Central Coast MMA,1,Jamie Mullarkey,33.3
Central Valley Combat Academy,1,Joe Soto,458.8
Centro Deportivo Tíbet,1,Joel Álvarez,49
Cerrado MMA,1,Ismael Bonfim,3457.4
Cesar Gracie Fight Team,1,Nick Diaz,45.5
Champions Creed MMA,2,Chad Anheliger; Hakeem Dawodu,3437.8
Checkmat Vancouver,1,Tristan Connelly,9.7
"Chicago Fight Team - Chicago, IL",1,Horacio Gutierrez,610.3
China Team,1,Bruno Lopes,633.5
China Top Team Beijing,2,Li Jingliang; Yan Xiaonan,146.1
"China Top Team SidDaoKou Street, Haidian Diserice",1,Yao Zhikui,170.1
Church St Boxing Gym,1,Phillipe Nover,38.3
Chute Boxe,9,Allan Nascimento; Andre Lima; Daniel Santos; Elves Brener; Jose Ochoa,2510
Chute Boxe - Sao Paulo,1,Thomas Almeida,2510
Chute Boxe Monstro,1,Rafael Tobias,2924.6
CIT MMA,1,Dricus Du Plessis,4456.8
City Kickboxing,12,Blood Diamond; Brad Riddell; Brando Peričić; Cam Rowston; Carlos Ulberg,880.1
"Classic Fight Team, Costa Mesa CA",2,Kay Hansen; Matthew Lopez,33.9
Cloud Akiyama,1,Yoshihiro Akiyama,
CM System,2,Felipe Silva; Vitor Petrino,3197.4
"Coalizao - Belem, Brazil",1,Michel Prazeres,5.6
Cobra Kai Victorville,1,Dominick Reyes,3141.6
"Cobra Team, The Q MMA",1,Shane Collins,681.7
"Cobra-Kai- Osaka, Japan",1,Kiichi Kunimoto,4.1
Colorado Springs BJJ,1,Raquel Pennington,6162.8
Combat 1 MMA / Australian Elite Team,1,Jonathan Micallef,42.2
Combat Sports & Fitness,1,Elisha Ellison,23.5
Combat Sports Academy,1,Gaston Bolanos,38.4
Combat Submission Wrestling,2,Jessamyn Duke; Josh Barnett,307.7
"Complete Fitness & Martial Arts - St. Albert, Alberta",1,Sheldon Westcott,2253.6
"Complete Fitness- St, Alberta/ MMA Lab- Glendale, AZ",1,Mitch Clarke,1338.5
Constrictor Team Brazilia,1,Rani Yahya,3602.8
Cosme Junior Team,1,Kevin Christian,235.2
Countershot Guam / Son BJJ Las Vegas,1,Jon Delos Reyes,1789
Country Club,1,Roy Nelson,648.6
cross Fight paris,1,Taylor Lapilus,283.7
CSA Team Moldova,1,Ion Cutelaba,527.8
Culture of Jiu Jitsu,1,Max Gimenis,505.2
Czech Monster Gym,1,Makhmud Muradov,618.2
Dag Fighter Team,1,Omari Akhmedov,639.5
Dan Henderson's Athletic Fitness Center,1,Dan Henderson,1018.8
Daniel Gracie Team,1,Jeremiah Wells,860.9
Dante Rivera BJJ,2,Eric Nolan; Luke Fernandez,136.4
Dar Team,1,Asu Almabayev,2995.2
Destruction MMA- Park Hills,1,Alex White,867.2
Diaz Combat Sports,1,Jamie Siraj,53.5
"Dinky Ninja Fight Team, Fife Scotland",2,Joanne Wood; Stevie Ray,128.8
Dragons Den Fight Club,1,Marek Bujlo,281.1
Dutch Style MMA/ UFC Gym Lombard IL,1,Curtis Blaydes,745.4
Dynamix MMA,1,Jordan Wright,203
ECR Fight Center,1,Montse Rendon,22.2
Eduardo Full House,1,Antonio Trocoli,618.2
"El Nino Training Center - San Francisco, CA",3,Gilbert Melendez; Hyder Amil; Leslie Smith,22.1
"Elevation Fight Team - Denver, CO",6,Bojan Velickovic; Brandon Thatch; Cat Zingano; Drew Dober; Neil Magny,5532.3
Elite MMA Gym,1,Bas Rutten,599.7
Elite Training Center,1,Josias Musasa,599.7
Entram Gym,3,Daniel Barez; Jesus Aguilar; Silvana Gomez Juarez,75.4
"Entram Gym (Tijuana, Mexico) and Alliance MMA (San Diego, CA)",1,Henry Briones,75.4
"Entram Gym - Tijuana, Baja CA",3,Akbarh Arreola; Marcelo Rojo; Marco Polo Reyes,75.4
Epic MMA Club - Hong Kong,1,Alberto Mina,61.7
Evolucao Thai - Curitiba,5,Bruno Silva; Cesar Arzamendia; Francisco Trinaldo; Rony Jason; Sergio Moraes,2930.2
Evolve mma Singapore,1,Leandro Issa,-2.8
EXFIGHT,2,Keiichiro Nakamura; Rinya Nakamura,101.7
Extreme Combat,1,ChangHo Lee,89.5
Factory X,11,AJ Cunningham; Cody Brundage; David Onama; Elijah Smith; Isaac Dulgarian,59.4
"Factory X - Englewood, CO",2,Chris Camozzi; Collin Anglin,5315.2
Faglier’s MMA,1,Malcolm Wellmaker,338
"Family Fight Team (Novi Sad, SERBIA)",1,Bojan Mihajlovic,255.9
"Fifty/50 - Falls Church, VA",1,Ryan Hall,336.2
"Fight Club No1 - Moscow, Russia",1,Nikita Krylov,639.3
"Fight Fit Militia- Sunnighill, Johannesburg",1,Garreth McLellan,4718.1
"Fight Fitness - Montequinto, Sevilla, Spain",1,Enrique Marin,96.5
Fight House,1,Eduarda Moura,600.9
"Fight Nights Gym - Moscow, RU",2,Ali Bagautinov; Konstantin Erokhin,583.6
Fight Ready,4,Adam Fugitt; Bruno Silva; JeongYeong Lee; Tracy Cortez,1377.1
"Fight Ready - Scottsdale, AZ",9,Alatengheili; Chan Sung Jung; Frankie Saenz; Henry Cejudo; Hunter Azure,1377.1
Fighting Eagle,1,Shamil Abdurakhimov,607.4
FightMe Combat Sports,1,Niko Price,11.1
Fightzone & Durrant’s Gym London,1,Louie Sutherland,54.1
Fightzone London,1,Mario Pinto,54.1
"FinnFighters Gym - Turku, Finland",1,Teemu Packalen,12.4
"FIT NHB Albuquerque, NM",2,Tim Means; Ty Miller,5120.4
"Fit NHB, Albuquerque, NM",1,Ray Borg,5120.4
Fit plus martial arts / cole harbour Nova Scotia,1,TJ Grant,101.9
Five Rounds Academy,1,Vinicius Moreira,639.7
Floid Dnepropetrovsk,1,Maryna Moroz,189.2
Fortis MMA,10,Austin Lingo; Damon Jackson; Fernie Garcia; Geoff Neal; Jacobe Smith,476.6
Freestyle Fighting Gym,1,Alexander Volkanovski,6.9
Freestyle MMA,2,Colby Thicknesse; Leon Shahbazyan,11.5
Frontline Academy - Oslo,2,Emil Meek; Jack Hermansson,174.4
Fusion X-Cel,3,Alice Ardelean; Charles Johnson; Mauricio Ruffy,128.9
Fusion Xcel,3,Hannah Goldy; Mike Davis; Phil Rowe,128.9
Gaea Project MMA,1,Karol Rosa,114.4
Galpao da Luta / CTJ,1,Rafael Cerqueira,55.4
"Gamebred Combat Club, Brisbane",1,Brendan O'Reilly,18.3
GB Top Team,1,Lone’er Kavanagh,63.2
Genesis Training Center,1,Justin Gaethje,23.1
Ghost Arena,1,Farès Ziam,695.8
Giants Team,1,Marcio Barbosa,10.4
Gibson MMA,1,Lance Gibson Jr.,37.5
"Gile Ribeiro - Curitiba, Brazil",2,Augusto Sakai; Luan Chagas,2938.8
Gintas Combat / BST Academy,1,Modestas Bukauskas,260.1
Glendale Fighting Club,1,Melsik Baghdasaryan,504.2
Glendale Fighting Club CA,2,Ronda Rousey; Travis Browne,504
Global Fight Gym,1,Alexander Volkov,440.9
Glory MMA & Fitness,9,Dakota Bush; Darrick Minner; Gina Mazany; James Krause; Jason Witt,1007.3
Glover Teixeira Training Center,1,Keith Berish,510.8
Gnosis Combat Sports,1,Donte Johnson,1062.4
Goat Shed,1,Alberto Montes,116.9
Goat Shed Academy,1,Ailin Perez,16
Gomes Fight Team,1,Jeisla Chaves,2505.5
Good Guys MMA,1,Luis Gurule,643.3
Gor MMA,1,Bogdan Guskov,582
Goret’s Gym,1,Murtazali Magomedov,749.5
Gracie barra BH Belo Horizonte / Gracie barra Tx Texas,1,Juliana Lima,2815.9
"Gracie Barra Holbrooks, Faber Jiu-Jitsu",1,Melissa Mullins,327.8
Gracie Barra Katy,1,Sage Northcutt,126.1
Gracie Barra Lodz,1,Karolina Kowalkiewicz,712.4
Gracie Barra The Woodlands,1,Alex Morono,117.6
"Gracie Fighter / Nick Diaz Academy - Lodi, CA",1,Nate Diaz,54.5
Gracie Fighter Stockton,1,Chelsea Chandler,46.6
Gracie Jiu Jitsu Smeaton Grange,1,Jacob Malkoun,265.5
Gracie New Jersey,1,Mickey Gall,257.2
Gracie United,1,Kurt Holobaugh,627.2
Great Britain Top Team,1,Shanelle Dyer,63.2
Grove City BJJ,1,Josiah Harrell,820.8
Grudge Training Center,1,Rose Namajunas,5511.8
Guam,1,Jon Tuck,164.2
Gumi MMA,1,Dooho Choi,680.6
Guram Fight Club,1,Otari Tanzilovi,1920.4
"Hakkei Gym Kanagawa, Japan",1,Takeya Mizugaki,12
"Hammers Team - Nuremberg, BY Germany",2,Jarjis Danho; Jessin Ayari,1007.2
Haosheng Fight Gym / Guangzhou Sport University,1,Zhu Kangjie,21.4
HAVAS MMA,1,Seokhyeon Ko,48.3
Hawaii Elite MMA - Hawaii,4,Louis Smolka; Max Holloway; Russell Doane; Tyson Nam,30.5
"Hayastan - North Hollywood, CA",1,Manny Gamburyan,734.5
Headkicks MMA,1,Aaron Phillips,24
High Altitude Martial Arts,2,Lauren Murphy; Maycee Barber,5553.6
Higher Level MMA,1,Paul Craig,529
Holohan Martial Arts,1,Shauna Bannon,266
House of Champions,2,Diana Belbita; Kyle Nelson,937.8
"Hung Mun, Rome, Italy",1,Alessio Di Chirico,261.2
Ignite Jiu Jitsu & MMA,1,Gauge Young,1025
Igor MMA,1,Josh Culibao,257
"IHP, American Combat Gym, Los Perros Sarnosos",1,Daniel Marcos,386.6
"Impact Fight Team - East Liverpool, OH",1,Joshua Stansbury,968.1
"Indy Boxing and Grappling - Indianapolis, IN",1,Andrew Holbrook,803.9
Infinity Martial Arts,1,Yusuke Kasuya,771.2
Inside Muay Thai,1,Ariane Carnelossi,2716.7
"Intergated MMA, Brisbane Australia",1,Ben Nguyen,78.3
Izzy Style School Wrestling - IL,1,Erick Montano,694
Izzystyle wrestling & VFS Chicago,1,Yair Rodriguez,694
Jackson Wink MMA Academy - NM,10,Aaron Pico; Antonio Arroyo; Batgerel Danaa; Christian Edwards; Don'Tale Mayes,4970.6
Jaco Hybrid Training Center,3,Eddie Alvarez; Gilbert Burns; Michael Johnson,633.3
Japan Top Team,1,Kai Asakura,41.7
Jeremy Horn's Elite Performance MMA,1,Sean O'Connell,4374.8
JETSAAM GYM,1,Jiří Procházka,659.4
Joel Diaz Boxing,18,Alistair Overeem; Alvaro Herrera; Anthony Birchak; Anthony Hamilton; Carlos Condit,-2.9
"Joker Chute Boxe/C1-MMA - Brooklyn, NY",1,Oluwale Bamgbose,185.2
K Dojo Warrior Tribe,3,Albert Tumenov; Alexander Yakovlev; Azamat Murzakanov,
"K-Taro Dojo, Tokyo",1,Keita Nakamura,135.2
KageFit / Top Pressure Fight Team,1,Tre’ston Vines,699.4
Kaizen MMA,1,Zviad Lazishvili,404.3
"KC Fight Base, Liverpool Combat Academy, The MMA Academy",1,Kurtis Campbell,63.5
Kelly Davis MMA,1,Jared Gooden,1005.6
Kiboju Mannheim,1,Dennis Siver,312
Kickass MMA,1,Steven Kennedy,82.8
Kill Cliff FC,12,Baisangur Susurkaev; Brendan Allen; Da'Mon Blackshear; Esteban Ribovics; Gregory Rodrigues,984.5
Kill Cliff FC / Brazilian Warriors,1,Claudio Puelles,984.5
"Kimura-Natal, Nova Uniao RJ",1,Jussier Formiga,113
Kings MMA,2,Jared Vanderaa; Nikolay Veretennikov,23.4
"Kings MMA - Huntington Beach, CA",5,Beneil Dariush; Marvin Vettori; Mauricio Rua; Rafael Dos Anjos; Ricardo Abreu,23.4
Kings MMA El Paso,1,Montserrat Conejo Ruiz,3936.4
KKS Sparta Achen,1,Gokhan Saricam,798.2
Kleber Repolho Jiujitsu MMA,1,Manel Kape,303.5
"Knoxville Martial Arts Academy- Knoxville, TN",1,Ovince Saint Preux,954.1
Knuckleheadz Boxing & MMA,1,Chris Beal,597.1
KO Squad,1,Melissa Gatto,204.7
KO Zone,1,Daniel Frunza,9.6
"Korean Top Team - Seoul, South Korea",6,Da Woon Jung; Dongi Yang; Hyun Gyu Lim; JunYong Park; Tae Hyun Bang,43.9
Korean Zombie MMA,1,SeungGuk Choi,51
La Bodega,1,Alvin Hines,600.2
Lamiro Fight Club,1,Losene Keita,38.1
Last Stand Fight Team,1,Michael McDonald,155
"Lauzon MMA - Easton, MA",2,Joe Lauzon; Joe Proctor,28.2
LAW MMA,3,Charlie Campbell; Chris Weidman; Matt Frevola,598.1
Law School MMA,1,Danny Barlow,284.3
Legion Gym,1,Ramazan Temirov,76.5
Life MMA / Portugal Top Team,1,Alice Pereira,148.1
Lil’ Monster’s Academy of Pain,1,Vanessa Demopoulos,317.6
Lioness Studio,1,Priscila Cachoeira,293.7
"Lions High Performance Centre - Sydney, Australia",2,James Te Huna; Tyson Pedro,155
Lions MMA,1,Rodrigo Sezinando,80
Lions Pride MMA,1,Jimi Manuwa,150.8
Lion’s Den Academy,1,Marwan Rahiki,762.8
"Lloyd Irving's MMA Temple Hills, MD",1,James Vick,258.2
Lobo Gym MMA,1,Alexa Grasso,5300.7
"London Shootfighters, London, UK",3,David Dvorak; John Hathaway; Michael Venom Page,113.2
Long Island MMA,3,Brian Kelleher; Chris Wade; Dennis Bermudez,33.2
Lotus MMA,1,Guilherme Pat,1240.7
Luistro Combat Academy,2,Cody Haddon; Quillan Salkilld,71.4
Machida Martial Arts,1,Rodolfo Vieira,78.6
Main Street Boxing & Muay Thai,1,Rayanne Dos Santos,45.4
Main Street Boxing and Muay Thai,2,Mike Jackson; Yadier del Valle,45.4
Mammadaliyev Team,1,Tofiq Musayev,
Manchester Top Team,2,Ateba Gautier; Lerone Murphy,369.5
Marajo Brothers,2,Amanda Lemos; Iuri Alcantara,251.2
Marathon MMA,4,Garrett Armfield; Miles Johns; Trey Ogden; Zach Scroggin,914.2
"Marinobles Kickboxing - Roseville, CA",1,Max Griffin,161.7
"Mark Chericos Martial Arts, Pittsburgh PA",1,Adam Milstead,1151.9
Marquez MMA,3,Andre Petroski; Pat Sabatini; Sean Brady,30.1
Marquez MMA Gym,1,Mashrabjon Ruzibaev,30.1
Martinez BJJ,1,Chris Daukaus,100.2
McBride MMA,1,Michael McBride,
Megaton Dias BJJ,1,Mackenzie Dern,1431.8
Metro Fight Club,3,Adrian Yanez; Cameron Smotherman; Mana Martinez,59.5
Mi Thai Boxing System; Parabellum MMA,1,Alessandro Ricci,2176.2
Michigan Top Team,1,Randa Markos,660.6
"Mick Doyle's Kickboxing - Omaha, NE",1,Anthony Smith,1113.1
Middlesbrough Fight Academy,1,Harry Hardwick,40.9
Mighty Bulls Gdynia,1,Lukasz Sajewski,106.4
Mile High Militia,1,Brandon Royval,
Millennia MMA - Chino Hills,1,Jonathan Wilson,810.4
"Millennia MMA - Rancho Cucamonga, CA",2,Jason Gonzalez; Tatiana Suarez,1167
Millennia MMA - Riverside,1,Lorenz Larkin,1167
"Millennia MMA, Rancho, CA",1,Sean Strickland,1167
"Miller Brothers MMA, Nick Catone MMA, Ricardo Almeida BJJ",1,Sean Santella,100.9
"Miller Brothers MMA- Sparta, NJ",1,Jim Miller,613.2
Minnesota Top Team,1,Steven Asplund,897.7
"Mjölnir, Reykjavik Iceland",1,Gunnar Nelson,105
MK Muay Thai,1,Fatima Kline,85.8
"MMA Factory - Paris, France",3,Alan Baudot; Ciryl Gane; Gadzhi Omargadzhiev,136.7
MMA Gold,1,Aspen Ladd,155.6
"MMA LAB - Glendale, AZ",9,Alex Caceres; Benson Henderson; Bryan Barberena; Chris Gruetzemacher; Efrain Escudero,1338.5
MMA Lab- USA/Dragonslair-UK,1,Bradley Scott,118.4
"MMA Masters - Miami, FL",6,Colby Covington; Gabriella Fernandes; Leonardo Augusto Leleco; Nate Landwehr; Themba Gorimbo,6.6
MMA Nuemberg,1,Abdul Rakhman Yakhyaev,1031.6
MMA Temple,1,Robelis Despaigne,626.4
Murcielago MMA,1,Khaos Williams,848.4
Nashville MMA,1,Luke Sanders,525
New Breed - Chicago & Vale Tudo - Duneland,1,Eddie Wineland,621.5
New England Cartel,3,Brendon Marotte; Mitch Raposo; Nick Fiore,133
New England MMA,1,Calvin Kattar,227.8
Next Edge Academy,1,Devin Clark,1415.5
Next Generation Gym,1,Tim Elliott,273.4
NEXT Generation MMA,5,Luke Riley; Molly McCann; Nathan Fletcher; Paddy Pimblett; Shem Rock,133.2
Niagara Top Team,2,Jasmine Jasudavicius; Mike Malott,341.2
Nick Diaz Academy,1,Yancy Medeiros,44.3
Nicks Fight Club Amarillo Texas,1,Cody Pfister,3702
,2,Matt Brown; Patrick Williams,630.9
none (he is freelance),1,Michinori Tanaka,
"Nor-Cal Fighting Alliance - Santa Rosa, CA",1,Dominic Waters,135.4
Nottingham MMA,1,Marcin Wrzosek,116.5
Nova Unia - Manaus,1,Dileno Lopes,125.3
Nova Uniae - Barro Flamingo,1,Francimar Barroso,
Nova Uniao - Rio de Janeiro,13,Claudia Gadelha; Hacran Dias; Johnny Eduardo; Lara Procopio; Leonardo Santos,121.6
Nova União,7,Damian Pinas; Jafel Filho; José Aldo; José Souza; Ketlen Vieira,679
NTG Fight & Fitness,1,Junior Tafa,58.3
Ocatgon MMA - Bagota,1,Fredy Serrano,8396.8
OCS - Paranagua,1,John Lineker,25.1
Octagon MMA,1,Sean Spencer,398.1
"Octagon MMA - Dallas, TX",1,Matt Hobar,398.1
OF MMA,1,Antonio Braga Neto,643.3
Ohana Academy,1,Jonathan Martinez,617.3
Osman's Gym,1,Gaetano Pirrello,69
"Ottawa Academy of Martial Arts. Ottawa, ON",1,Adam Hunter,248.2
Outsiders Combat Club,1,Julia Avila,1257.6
"OXYgym Stavanger, Norway",1,Krzysztof Jotko,7.5
"Pancrase gym, Stockholm",1,Magnus Cedenblad,101.8
Paragon BJJ / Knuckleheadz Boxing,1,Tabatha Ricci,10.1
Parillo Boxing,1,Santiago Luna,299.2
"Patenaude Martial Arts, Kill Cliff FC",1,Julien Leblanc,984.5
"Pellegrino MMA - Belmar, NJ",1,George Sullivan,18.6
"Peralta Fitness, Morumbi",1,Felipe Arantes,2401
Peresvet Rostov-on-Don,1,Milana Dudieva,197.8
"Phuket Top Team- Thailand/ Apex MMA- Accrington, England",1,Ian Entwistle,449.8
Pinnacle Gym and Vamos,1,JooSang Yoo,351.1
Pinnacle MMA,1,King Green,351.1
Pitbull Brothers,1,Patricio Pitbull,29.4
Pitbull Martial Arts Center,3,Enrique Barzola; Kevin Borjas; Rodrigo Vera,384
"Planet Eater, Balingen",1,Peter Sobotta,1706.6
"PMA, Padstow NSW, Australia",1,Robert Whittaker,74.3
Polar Bear Team,1,Serghei Spivac,117.6
Porrada Training Center/Uprising MMA,1,Billy Elekana,2202.9
"Portland, Oregon",1,Jason Novelli,68.1
Pound 4 Pound,1,Denzel Freeman,876.9
Pound 4 Pound Muay Thai,1,Yuneisy Duben,5322
Pound 4 Pound Muay Thai & Easton Training Center Denver,1,Miranda Maverick,5254.2
"Power MMA and Fintess - Gilbert, AZ",3,CB Dollaway; Elvis Mutapcic; Ryan Bader,1235
Prana Jiu Jitsu Stockholm,1,Nico Musoke,98.4
Premier Combat Center,1,Joe Ellenberger,1048.1
PRO GYM - Saint-Jean,1,Steve Bosse,124.9
Progressive Jiu Jitsu MMA Fitness Vancouver,1,Chris De La Rocha,273.5
"Projeto casa da cultura , amazon pro team",1,Larissa Pacheco,
PRVT Para Vale Tudo,1,Jéssica Andrade,2896.4
Pura Vida BJJ & MMA,4,Cortavious Romious; Montel Jackson; Nick Klein; Wes Schultz,648.2
Q MMA,1,Levan Chokheli,593.3
"Rascal Gym, Tokyo Japan",1,Takanori Gomi,77.2
Red Dragon Poznan,1,Jakub Wiklacz,203.2
Red Hawk Academy,1,Tommy McMillen,1125
Red's Boxing,1,Drako Rodriguez,898.4
Regiment Training Center,1,Yorgan De Castro,133.7
Reign Training Center Lake Forrest,3,Patrick Cummins; Tony Ferguson; Uriah Hall,335.7
Reinders MMA,1,Tereza Bledá,1154.9
Renegade Jiu-Jitsu,1,Jai Herbert,805.8
Reno Academy of Combat,1,Payton Talbott,4399.1
Renzo Gracie Academy,2,Katlyn Cerminara; Ryan Benoit,599.6
"Renzo gracie Academy- Houston, Texas",1,Rafael Natal,71.7
Renzo Gracie Philly (Philadelphia) / BMF Ranch (New Mexico),1,Paul Felder,37.4
Resilience Training Centre- Melbourne,1,Daniel Kelly,58.6
Resistance Fight Team,1,Alexis Davis,358.8
"Revolution Martial Arts Inman, SC",2,Hector Urbina; Justin Scoggins,962.9
"Revolution Martial Arts, Langley BC Canada",1,Jeremy Kennedy,61.8
Revolution MMA,1,Sara McMann,747.5
Ricardo Almeida / Valor MMA,1,Edson Barboza,100.9
"Ricardo Almeida Braziliian Jiu Jitsu - Robinsville, NJ",1,Corey Anderson,100.9
Ricardo Almeida/Valor MMA,1,Thiago Santos,100.9
RNC Sport Club Hyvinkää,1,Tina Lahdemaki,355.8
Roger Gracie Academy,1,Julija Stoliarenko,17.9
"Ronin Training Center Columbus, OH",1,Daniel Spohn,743.9
Rosas Brothers MMA,1,Raul Rosas Jr.,267.4
Rose City FC,1,Mike Pierce,582.2
"RothwellMMA/LCCT Kenosha, WI",1,Ben Rothwell,715.7
Roufusport,4,Anthony Pettis; Dustin Ortiz; Erik Koch; Mark Choinski,708.4
"Roufusport - Milwaukee, WI",1,Jordan Griffin,708.4
"Roufusport, (Mikwaukee, WI) & Chicago Fight Team (Chicago, IL)",1,Belal Muhammad,708.4
Rumble Sports,1,Nicolas Dalby,26.3
Rumble Sports - Copenhagen,2,Anna Elmose; Damir Hadžović,26.3
RVCA,1,Jalin Turner,
S4 Warszawa,1,Marcin Tybura,332.7
S4 Wevszewe,1,Bartosz Fabinski,
Saekson's Muay Thai Van Nuys,1,Danielle Taylor,743.3
Saigon Sports Club- Vietnam,1,Dan Hooker,11.1
San Diego Combat Academy,1,Liz Carmouche,490.4
Sanford MMA,14,Andre Fialho; Charles Rosa; Chase Sherman; Christos Giagos; Dalcha Lungiambula,6.3
SBG,1,Cathal Pendred,177.1
SBG Ireland,7,Aisling Daly; Artem Lobov; Brad Katona; Conor McGregor; Johnny Walker,90
SBG Manchester,1,Davey Grant,157.7
SBGAthens,1,Rory Singer,711.4
School of MMA of Alexey Oleynik,1,Aleksei Oleinik,680.6
Scrappy MMA,1,Jack Della Maddalena,42.5
"Serra-Longo - Long Island, NY",4,Al Iaquinta; Aljamain Sterling; Charalampos Grigoriou; Mizuki,75.8
Shandas MMA,1,Nyamjargal Tumendemberel,4208.4
"Shield Systems Academy - Knoxville, TN",1,Scott Holtzman,1017.3
Shore Mixed Martial Arts,1,Oban Elliott,609.6
Siege MMA,1,Kamuela Kirk,1162.7
Sik-Jitsu Mixed Martial Arts,1,Brady Hiestand,2005.4
"Sik-Jitsu Spokane, WA",4,Elizabeth Phillips; Julianna Peña; Michael Chiesa; Sam Sicilia,2005.4
Sinosic Perosh Martial Arts SPMA Sydney,1,Anthony Perosh,32.9
Sityodtong - Boston,1,Rob Font,27.8
Sityodtong Boston,1,Peter Barrett,27.8
Sityodtong Boston MA / Perfomrance Compound St. Cloud MN,1,Anthony Rocco Martin,27.8
SKULLMAN / Gracie Barcelona - Spain,1,Abner Lloveras,68.8
Sochi Star,1,Magomed Mustafaev,18.8
Sombra Team MMA,1,Vinicius Oliveira,21.6
Soul Fighters,1,Tony Kelley,1183.4
Southside Kickboxing Company,1,Sarah Alpar,1238.2
Spartakus Fight Gym,1,Martin Buday,458.2
Spartan Fitness MMA,1,Eryk Anders,861.2
Squabble MMA,1,Kevin Holland,563.4
Stewie's House of BJJ,1,Jimmy Crute,765.7
STL Boxing,1,Joaquin Buckley,451.4
Storm School,1,Andrey Pulyaev,725.5
Strong Style Cleveland,2,Aleksa Camur; Jessica Eye,1139.9
Strongstyle Fight Team,1,Stipe Miocic,1139.9
"Subfighter MMA Laguna Nigel, CA",2,Ashlee Evans-Smith; Gabe Green,295.3
"Submission Boxing Academy Pearland, TX",1,Justin Ledet,46.2
Syndicate MMA,21,Brandon Jenkins; Carl Deaton; Chepe Mariscal; Cynthia Calvillo; Dennis Buzukja,2447.3
"Syndicate MMA - Las Vegas, NV",6,Arman Tsarukyan; Khalil Rountree Jr.; Kody Steele; Mike Pyle; Roxanne Modafferi,2447.3
Syndicate MMA and Tiger Muay Thai,1,Daniil Donchenko,2447.3
T-BLOOD,1,Tatsuya Kawajiri,621.4
Tafa Gang,1,Justin Tafa,
Tapout - Burlington/Headrush - TC,1,Elias Theodorou,195.8
TATA Fight Team - Rio de Janeiro,2,Alex Oliveira; Andre Muniz,15.8
Tatsujin MMA,1,Marcin Prachnio,26.2
Team 5050 Guayaquil Ecuador,1,Marlon Vera,12
Team 515,1,Kevin Aguilar,320.7
Team Alpha Male,12,Alexander Munoz; Benito Lopez; Cory McKenna; Isaac Thomson; Joseph Morales,40.7
Team Alpha Male (Urijah Faber's Ultimate Fitness),10,Andre Fili; Chad Mendes; Chris Holdsworth; Cody Garbrandt; Danny Castillo,40.7
"Team Alpha Male Japan, other gyms",1,Teruto Ishihara,3270.2
Team Amedovski,1,Alen Amedovski,
Team Aoriqileng,1,Aoriqileng,
"Team Balance - Binghamton, NY",1,Tamdan McCrory,864.3
Team Banzai,1,Pannie Kianzad,917.2
Team Borracha,2,Natalia Silva; Paulo Costa,3182.7
Team Compton Training Centre,3,Dom Mar Fan; Stewart Nicoll; Tom Nolan,21.9
Team Crossface,1,Sam Patterson,244.5
Team Curran,1,Felice Herrig,920.4
Team Diakiese,1,Marc Diakiese,
Team Elevation,2,Abdul Razak Alhassan; Shana Dobson,115.1
"Team Ferreira BJJ- Pharr, TX",1,Diego Ferreira,128.5
Team Figueiredo,3,Deiveson Figueiredo; Francisco Figueiredo; Zarah Fairn,11
Team Fish Tank,1,Mick Parkin,763.1
Team Fluffy,1,Anthony Hernandez,
Team Fusion,1,Julius Walker,1020.3
Team Garry,1,Ian Machado Garry,599.6
Team Germaine- csa Holland,1,Germaine de Randamie,63.4
Team Gracie,1,Kron Gracie,627.2
Team Grishin,1,Max Grishin,1919
Team Ground Control,1,Tucker Lutz,621.3
Team Hafez,1,Bassil Hafez,
Team Herman,1,Ed Herman,590.2
Team Hu,1,Hu Yaozong,
"Team Irish MMA- Brewer, ME",1,Tim Boetsch,39.3
Team Jones,1,Jon Jones,589.3
Team Kaobon,2,Mike Grundy; Tom Aspinall,151.2
Team Kazula,1,Kazula Vargas,
Team Lee,1,Andrea Lee,1071.4
Team Link Hooksett,1,Joey Gomez,298.4
Team Lion,1,Zarrukh Adashev,58
Team Lloyd Irvin,1,Tafon Nchukwi,258.2
Team Lucas Mineiro,1,Kevin Vallejos,2500
"Team MAD Busan, South Korea",2,Dong Hyun Kim; Dong Hyun Ma,46.8
Team Malecki,1,Bea Malecki,687.4
Team Marquez MMA,1,Joe Pyfer,30.1
Team Moreno,1,Brandon Moreno,24
Team Morocco,1,Ottman Azaitar,677.3
Team Nogueira - Rio de Janeiro,2,Antonio Rogerio Nogueira; Vitor Miranda,13.3
Team Nunes,1,Amanda Nunes,
Team Nurmagomedov,1,Said Nurmagomedov,
Team Ortega,1,Brian Ortega,664.4
Team Oyama,7,Alex Perez; Ding Meng; Fernando Padilla; Frank Camacho; Gianni Vazquez,42.3
"Team Oyama - Irvine, CA",3,Carla Esparza; Ian McCall; Yuma Horiuchi,42.3
Team Perry,1,Mike Perry,877.1
Team Pogues,1,Jamal Pogues,
Team Potieria,1,Ihor Potieria,
Team Quest,2,Ashley Yoder; Sam Alvey,625.6
Team Reis & M80 Wrestling,1,Talita Alencar,
Team Roberson,1,Karl Roberson,172.1
Team Robertson,1,Kenny Robertson,777
"Team ROC Charlotte, NC",1,Jordan Rinaldi,681.8
Team Romanov,1,Alexandr Romanov,
"Team Ryano Dublin, Republic of Ireland",1,Neil Seery,231.3
Team Serra/Longo,1,Merab Dvalishvili,75.8
Team Sheetara,1,Mayra Bueno Silva,626.4
Team Stewart,1,Darren Stewart,594.2
Team Taha,1,Khalid Taha,2221.9
"Team Takedown- Arlington, TX",1,Chas Skelly,479.1
"Team Tavares- Florianopolis, Brasil",1,Thiago Tavares,25.2
Team Thriving,1,Jarno Errens,307.1
Team Topuria,1,Ilia Topuria,
Team Tuivasa,1,Tai Tuivasa,
Team Zellhuber,1,Daniel Zellhuber,1277.1
Team Zhang,1,Zhang Weili,593.8
"TeamMAD- Busan, South Korea",1,Seohee Ham,46.8
Teixeira / Novaumiao,1,Caio Magalhaes,382.7
"Teixeira MMA & Fitness-Bethel, CT",5,Alex Pereira; Glover Teixeira; Sabina Mazo; Wellington Turman; Yousri Belgaroui,510.8
Temecula,1,Tarec Saffiedine,1006.2
"TFT - Rio De Janeiro, Brazil",1,Bruno Korea,15.8
TFT/ATT,1,Luis Henrique,667.8
Thai Brasil,1,Carlos Leal,20.1
Thai Brasil Floripa,1,Nicolle Caliari,45.6
The Academy Fight Club,1,Tommy Gantt,849.3
The Academy Fight Club and Blackxicans,1,Imanol Rodriguez,624.1
The Academy of Minnesota,1,Quang Le,849.3
The Block Bali,1,Xiong Jingnan,98.9
The Den Training Center,1,Ethyn Ewing,386.6
The Fight Centre & City Kickboxing,1,Ben Johnston,119
The Fighting Nerds,10,Bruna Brasil; Caio Borralho; Carlos Prates; Cezary Oleksiejczuk; Jean Silva,
The Forge MMA,1,Kyle Daukaus,101.9
The Goat Shed,1,Gillian Robertson,116.9
The HitPit Martial Arts,1,Jamie Pickett,93
The MMA Lab,9,Drakkar Klose; Eric McConico; Jackson McVey; Jose Miguel Delgado; Julian Marquez,637
"The Nest / Sanchez BJJ - Maui, HI",1,Cortney Casey,168
The Pit,1,Cody Gibson,619
"The Pit - Cuba, MO",1,Jake Collier,4234.2
The Q,2,Artur Minev; Ozzy Diaz,790.7
The Sound Martial Arts,1,Jamey-Lyn Horth,36.1
The Striking Institute,1,Thomas Petersen,886.3
The Treigning Lab,1,TJ Dillashaw,208.7
The UFC Performance Institute,2,Duško Todorović; Malcolm Gordon,2418.7
The Wolves’ Den Training Center,1,Sean Woodson,627.6
Thornton Mixed Martial Arts,1,William Knight,36
Tiger Beetle Martial Arts,1,JJ Aldrich,5676
"Tiger Muay Thai - Phuket, Thailand",7,HyunSung Park; Mairbek Taisumov; Nick Hein; Ning Guangyou; Rafael Fiziev,67.8
"Tiger Schulmann's MMA - Elmwood Park, NJ",4,Jimmie Rivera; Lyman Good; Michael Trizano; Shane Burgos,46.7
Tillery Combat MMA Academy - Wales,1,Jack Marshman,996.6
Titans MMA,1,Gavin Tucker,338.2
"TKMMA Fit, Akhmat MMA",1,Khamzat Chimaev,4.3
Tobet Top Team,1,Diyar Nurgozhay,517.5
"Toms river, New Jersey",1,Frankie Edgar,63.7
Top Brother,1,Raoni Barcelos,7329.6
"Top Notch- Chicago, IL/MMA Masters- Miami, FL",1,Ricardo Lamas,6.6
"Toshido MMA - Kelowna, BC Canada",2,Sarah Moras; Shane Campbell,1389.2
Train4Life,1,Terrance Saeteurn,95.3
Trifecta MMA,1,Marion Reneau,35.6
"Triforce MMA, Pawtucket, RI",1,Eric Spicely,84
Triple One Gym Duesseldorf,1,Islam Dulatov,127.1
Tristar,1,Yohan Lainesse,716.5
Tristar Gym - Montreal,12,Aiemann Zahabi; Alex Garcia; Andrew Sanchez; Chad Laprise; Joe Duffy,158.2
Tristar Vancouver,1,Kajan Johnson,141.4
Triumph Fights,1,Azat Maksum,490
Troop MMA,1,Mitch Gagnon,835.8
Tuan MMA,1,Guido Cannetti,1338.5
UFC Performance Institue Mexico City,2,Adrián Luna Martinetti; Juan Diaz,7345.5
UFC Performance Institute,6,David Martinez; Dione Barbosa; Jean-Paul Lebosnoyani; Polyana Viana; Regina Tarin,2418.7
UFC Performance Institute Shanghai,2,Liang Na; Xiao Long,18.1
UFC PI Shanghai,1,Wang Cong,18.1
UFD Gym Dusseldorf,1,David Zawada,131.4
UFK Gladiator Maro Perak / Aspinall BJJ,1,Ante Delija,
UKF Gym,1,Javier Reyes,1226.1
Ukmergė Judo Club,1,Zygimantas Ramaska,234.6
Ultimate Kombat Gym,1,Chris Ewert,1226.1
Ultimate Submission Academy,1,Ray Rodriguez,434
Uniq Fight Club,1,Robert Bryczek,303.3
"United Gym, Lodz",1,Damian Stasiak,573
United States,1,Josh Samman,10617.6
Unrivaled Athletics - PA,1,Darrell Horcher,381.9
Upper - Nova Uniao - RJ,1,Felipe Olivieri,121.6
Upstate Karate Family Martial Arts Center,1,Stephen Thompson,810.9
UTC Ultimate Training Centre Birmingham,1,Leon Edwards,465.1
Vagner Rocha Martial Arts,1,Jim Alers,7.2
Vale Top Team,1,Luis Felipe Dias,1873
Valle Flow Striking Academy,3,Gerald Meerschaert; Ignacio Bahamondes; Ramiz Brahimaj,664.8
Valley Flow Striking,2,Austin Hubbard; Charles Radtke,664.8
Valon Team,1,Bolaji Oki,
Velociti Fitness,1,Johny Hendricks,639.1
Venum Training Camp Paris,3,Benoît Saint Denis; Nassourdine Imavov; William Gomis,278.8
Vila da Luta/Demian Maia Jiu-Jitsu (Săo Paulo),1,Demian Maia,2414.4
Viscardi Andrade Training Center,1,Viscardi Andrade,2616.5
Vision MMA,1,Dominique Steele,595.5
"VT1 Gym- Sydney, Australia",2,Alex Chambers; Rich Walsh,243.4
Västerås Fight Club,1,Andreas Gustafsson,85.3
W4R Training Center,1,Charlie Ontiveros,752.7
Wajiutsu Keishu-kai Suruga,1,Ulka Sasaki,
Wanderley Jiu-Jitsu,1,Leah Letson,725.2
War Room MMA,1,Kennedy Nzechukwu,691.5
War Training Center,2,Trevin Giles; Zachary Reese,749.5
Warrior Camp,1,Terrance McKinney,1949.9
Wave Combat Sports,1,Jose Johnson,378.8
WCA Warszawa,1,Lukasz Brzeski,328.5
"Welfrun MMA- PEI, Canada",1,Jason Saggo,144.4
Whitsunday Martial Arts - Airlie Beach,1,Anton Zafir,31.2
Wilkes Martial Arts & Fitness Academy,1,Steve Erceg,58.2
Witness Martial Arts,1,Sedriques Dumas,29.8
WKX / PT Team Vancouver,1,Loopy Godinez,246
"X3 Sports- Atlanta, GA",1,Clint Hester,962
XCMMA,1,Sean Sharaf,2282.1
XGYM - Rio de Janeiro,4,Alan Patrick; Marcelo Guimaraes; Ronaldo Souza; Warlley Alves,101.4
"XLR8 Traning Centre, Epping, Victoria, Australia",1,Jake Matthews,442.7
"Xtreme Couture - Las Vegas, NV",32,Brad Tavares; Bryan Caraway; Cheyanne Vlismas; Chris Curtis; Christian Rodriguez,2282.1
Xtreme Couture / Overcome Academy,1,Michel Pereira,2282.1
Xtreme Plainview,1,John Yannis,3368
Yuma United/Kings MMA,1,Kelvin Gastelum,215.1
Zenith BJJ/Dunham Jiu Jitsu,1,Evan Dunham,5800.4
"Zuma Martial Arts - Victoria, BC",2,Ryan Janes; Sarah Kaufman,81.5
